name,address,latitude,longitude,type,region,source,source_url,quality,quality_reason
,서울특별시 용산구 기업은행용산지점 2층 베란다,37.541995,126.973179,연면적 1000㎡ 이상 대형건물,서울,서울특별시 용산구_ 흡연구역,https://www.data.go.kr/data/15073796/fileData.do,verified,공식 흡연장소 전용 데이터셋
,서울특별시 용산구 우리빌딩 주차장,37.54096,126.973516,연면적 1000㎡ 이상 대형건물,서울,서울특별시 용산구_ 흡연구역,https://www.data.go.kr/data/15073796/fileData.do,verified,공식 흡연장소 전용 데이터셋
,서울특별시 용산구 수빌딩 옥상,37.532824,126.970666,연면적 1000㎡ 이상 대형건물,서울,서울특별시 용산구_ 흡연구역,https://www.data.go.kr/data/15073796/fileData.do,verified,공식 흡연장소 전용 데이터셋
,서울특별시 용산구 금강빌딩 주차장,37.544739,126.973179,연면적 1000㎡ 이상 대형건물,서울,서울특별시 용산구_ 흡연구역,https://www.data.go.kr/data/15073796/fileData.do,verified,공식 흡연장소 전용 데이터셋
,"서울특별시 용산구 롯데지알에스 옥상, 주차장",37.54154,126.971791,연면적 1000㎡ 이상 대형건물,서울,서울특별시 용산구_ 흡연구역,https://www.data.go.kr/data/15073796/fileData.do,verified,공식 흡연장소 전용 데이터셋
,서울특별시 용산구 청룡빌딩 주차장,37.541424,126.972679,연면적 1000㎡ 이상 대형건물,서울,서울특별시 용산구_ 흡연구역,https://www.data.go.kr/data/15073796/fileData.do,verified,공식 흡연장소 전용 데이터셋
,서울특별시 용산구 용산빌딩 1층 외부(건물뒤편),37.542611,126.972137,연면적 1000㎡ 이상 대형건물,서울,서울특별시 용산구_ 흡연구역,https://www.data.go.kr/data/15073796/fileData.do,verified,공식 흡연장소 전용 데이터셋
,서울특별시 용산구 금강토탈패션할인매장 주차장,37.543561,126.971505,연면적 1000㎡ 이상 대형건물,서울,서울특별시 용산구_ 흡연구역,https://www.data.go.kr/data/15073796/fileData.do,verified,공식 흡연장소 전용 데이터셋
,서울특별시 용산구 KCC IT빌딩 옥상,37.548507,126.972205,연면적 1000㎡ 이상 대형건물,서울,서울특별시 용산구_ 흡연구역,https://www.data.go.kr/data/15073796/fileData.do,verified,공식 흡연장소 전용 데이터셋
,서울특별시 용산구 한진중공업 빌딩 5층 외부,37.540529,126.972721,연면적 1000㎡ 이상 대형건물,서울,서울특별시 용산구_ 흡연구역,https://www.data.go.kr/data/15073796/fileData.do,verified,공식 흡연장소 전용 데이터셋
,서울특별시 용산구 애전빌딩 옥상,37.54175,126.970388,연면적 1000㎡ 이상 대형건물,서울,서울특별시 용산구_ 흡연구역,https://www.data.go.kr/data/15073796/fileData.do,verified,공식 흡연장소 전용 데이터셋
,서울특별시 용산구 보은개발빌딩 옥상,37.551185,126.96922,연면적 1000㎡ 이상 대형건물,서울,서울특별시 용산구_ 흡연구역,https://www.data.go.kr/data/15073796/fileData.do,verified,공식 흡연장소 전용 데이터셋
,서울특별시 용산구 한화빌딩 1층 외부,37.552032,126.968943,연면적 1000㎡ 이상 대형건물,서울,서울특별시 용산구_ 흡연구역,https://www.data.go.kr/data/15073796/fileData.do,verified,공식 흡연장소 전용 데이터셋
,서울특별시 용산구 세광음악사 옥상,37.553965,126.965964,연면적 1000㎡ 이상 대형건물,서울,서울특별시 용산구_ 흡연구역,https://www.data.go.kr/data/15073796/fileData.do,verified,공식 흡연장소 전용 데이터셋
,서울특별시 용산구 서울역 풍림 아이원플러스 공개공지,37.55492,126.968415,연면적 1000㎡ 이상 대형건물,서울,서울특별시 용산구_ 흡연구역,https://www.data.go.kr/data/15073796/fileData.do,verified,공식 흡연장소 전용 데이터셋
,서울특별시 용산구 남영비비안 1층 외부(정자),37.528894,126.964038,연면적 1000㎡ 이상 대형건물,서울,서울특별시 용산구_ 흡연구역,https://www.data.go.kr/data/15073796/fileData.do,verified,공식 흡연장소 전용 데이터셋
,강남대로10길 21 건물 앞 녹지사이 보도,37.4686000050228,127.040482595477,비대면흡연부스,서울,서울특별시 서초구_ 흡연 시설 현황,https://www.data.go.kr/data/15074379/fileData.do,verified,공식 흡연장소 전용 데이터셋
,강남대로8길 3 건물 앞 보도 끝지점,37.4678345771936,127.041318574137,라인형흡연구역,서울,서울특별시 서초구_ 흡연 시설 현황,https://www.data.go.kr/data/15074379/fileData.do,verified,공식 흡연장소 전용 데이터셋
,강남대로6길 16 건물 앞 녹지사이 보도,37.4671962305932,127.042029132512,라인형흡연구역,서울,서울특별시 서초구_ 흡연 시설 현황,https://www.data.go.kr/data/15074379/fileData.do,verified,공식 흡연장소 전용 데이터셋
,강남대로4길 5 카센터 앞 보도,37.4668411609909,127.042480301043,라인형흡연구역,서울,서울특별시 서초구_ 흡연 시설 현황,https://www.data.go.kr/data/15074379/fileData.do,verified,공식 흡연장소 전용 데이터셋
,강남대로6길 60-23 건물 후면 양재대로변,37.467588011231,127.044911100198,라인형흡연구역,서울,서울특별시 서초구_ 흡연 시설 현황,https://www.data.go.kr/data/15074379/fileData.do,verified,공식 흡연장소 전용 데이터셋
,강남대로8길 77 동산마을구립주차장 내,37.4700463612353,127.044349044238,라인형흡연구역,서울,서울특별시 서초구_ 흡연 시설 현황,https://www.data.go.kr/data/15074379/fileData.do,verified,공식 흡연장소 전용 데이터셋
,논현로1길 83 앞 녹지 옆 기존 흡연구역,37.469653521022,127.047813607058,라인형흡연구역,서울,서울특별시 서초구_ 흡연 시설 현황,https://www.data.go.kr/data/15074379/fileData.do,verified,공식 흡연장소 전용 데이터셋
,논현로1길 23 아파트 외부 보도 가각지점,37.4715216810609,127.050403679286,라인형흡연구역,서울,서울특별시 서초구_ 흡연 시설 현황,https://www.data.go.kr/data/15074379/fileData.do,verified,공식 흡연장소 전용 데이터셋
,마방로10길 25 건물 주차장 기업은행 지주간판 도로,37.4766148844181,127.043922527512,라인형흡연구역,서울,서울특별시 서초구_ 흡연 시설 현황,https://www.data.go.kr/data/15074379/fileData.do,verified,공식 흡연장소 전용 데이터셋
,양재동 261-22 양재천 족구장 기존 흡연구역,37.4766194736532,127.042208286751,라인형흡연구역,서울,서울특별시 서초구_ 흡연 시설 현황,https://www.data.go.kr/data/15074379/fileData.do,verified,공식 흡연장소 전용 데이터셋
,바우뫼로 128 비스텔타워 후면 전신주 주변,37.4755193948612,127.035163127189,라인형흡연구역,서울,서울특별시 서초구_ 흡연 시설 현황,https://www.data.go.kr/data/15074379/fileData.do,verified,공식 흡연장소 전용 데이터셋
,양재천로21길 29 앞 녹지 사이 보도,37.477006428584,127.0391511592,비대면흡연부스,서울,서울특별시 서초구_ 흡연 시설 현황,https://www.data.go.kr/data/15074379/fileData.do,verified,공식 흡연장소 전용 데이터셋
,강남대로 221 양재환승주차장 세븐일레븐 편의점 옆,37.4836850972087,127.034117823374,라인형흡연구역,서울,서울특별시 서초구_ 흡연 시설 현황,https://www.data.go.kr/data/15074379/fileData.do,verified,공식 흡연장소 전용 데이터셋
,방배동 438-38(서울시공공자전거 수리센터  앞),37.4840206508222,126.982446350127,개방형흡연부스,서울,서울특별시 서초구_ 흡연 시설 현황,https://www.data.go.kr/data/15074379/fileData.do,verified,공식 흡연장소 전용 데이터셋
,원지동 23 서초종합체육센터 입구,37.4593560711541,127.040761086963,개방형흡연부스,서울,서울특별시 서초구_ 흡연 시설 현황,https://www.data.go.kr/data/15074379/fileData.do,verified,공식 흡연장소 전용 데이터셋
,서울특별시 용산구 진흥빌딩 옥상,37.5485,126.977574,연면적 1000㎡ 이상 대형건물,서울,서울특별시 용산구_ 흡연구역,https://www.data.go.kr/data/15073796/fileData.do,verified,공식 흡연장소 전용 데이터셋
금천레포츠(남),해돋이로 279,35.1012732577083,129.01636427462,실내,부산,부산광역시_서구_ 흡연구역 정보,https://www.data.go.kr/data/15029123/fileData.do,verified,공식 흡연장소 전용 데이터셋
봐라봐라만화휴게실,천마로 232,35.0962996432581,129.022665752409,실외,부산,부산광역시_서구_ 흡연구역 정보,https://www.data.go.kr/data/15029123/fileData.do,verified,공식 흡연장소 전용 데이터셋
동아대학교(부민캠퍼스),구덕로 225,35.1037409887179,129.019414580951,실외,부산,부산광역시_서구_ 흡연구역 정보,https://www.data.go.kr/data/15029123/fileData.do,verified,공식 흡연장소 전용 데이터셋
동아대학교,대신공원로 32,35.1209947085099,129.017548999551,실외,부산,부산광역시_서구_ 흡연구역 정보,https://www.data.go.kr/data/15029123/fileData.do,verified,공식 흡연장소 전용 데이터셋
탐스PC카페,보수대로 258-17,35.116918542452,129.018034246345,실내,부산,부산광역시_서구_ 흡연구역 정보,https://www.data.go.kr/data/15029123/fileData.do,verified,공식 흡연장소 전용 데이터셋
캠프PC방,대영로 49,35.1098822394691,129.016844088889,실내,부산,부산광역시_서구_ 흡연구역 정보,https://www.data.go.kr/data/15029123/fileData.do,verified,공식 흡연장소 전용 데이터셋
OXBD당구장,구덕로 299,35.1106488604957,129.01725614402,실내,부산,부산광역시_서구_ 흡연구역 정보,https://www.data.go.kr/data/15029123/fileData.do,verified,공식 흡연장소 전용 데이터셋
앤유PC,구덕로 216,35.1039257059416,129.020286539759,실내,부산,부산광역시_서구_ 흡연구역 정보,https://www.data.go.kr/data/15029123/fileData.do,verified,공식 흡연장소 전용 데이터셋
아이카페PC,임시수도기념로 13,35.1032032101016,129.019109074117,실내,부산,부산광역시_서구_ 흡연구역 정보,https://www.data.go.kr/data/15029123/fileData.do,verified,공식 흡연장소 전용 데이터셋
아이앤락,동대로 20,35.8556712742972,129.204866485045,실내,부산,부산광역시_서구_ 흡연구역 정보,https://www.data.go.kr/data/15029123/fileData.do,verified,공식 흡연장소 전용 데이터셋
OXPC,구덕로321번길 15,35.1120446860632,129.015772727222,실내,부산,부산광역시_서구_ 흡연구역 정보,https://www.data.go.kr/data/15029123/fileData.do,verified,공식 흡연장소 전용 데이터셋
OXPC(부민동점),구덕로214번길 8,35.1036058245677,129.020484362894,실내,부산,부산광역시_서구_ 흡연구역 정보,https://www.data.go.kr/data/15029123/fileData.do,verified,공식 흡연장소 전용 데이터셋
OX(옥스) PC,구덕로 300-1,35.1108363087354,129.017759316613,실내,부산,부산광역시_서구_ 흡연구역 정보,https://www.data.go.kr/data/15029123/fileData.do,verified,공식 흡연장소 전용 데이터셋
OX PC(토성동점),초장로 58,35.0964850091689,129.021693909789,실내,부산,부산광역시_서구_ 흡연구역 정보,https://www.data.go.kr/data/15029123/fileData.do,verified,공식 흡연장소 전용 데이터셋
NU PC방,충무대로255번길 9,35.0930541909753,129.023262189766,실내,부산,부산광역시_서구_ 흡연구역 정보,https://www.data.go.kr/data/15029123/fileData.do,verified,공식 흡연장소 전용 데이터셋
BB피시방,임시수도기념로 9,35.1032101203958,129.019375822855,실내,부산,부산광역시_서구_ 흡연구역 정보,https://www.data.go.kr/data/15029123/fileData.do,verified,공식 흡연장소 전용 데이터셋
아미정신건강센터,아미로12번길 25,35.09784593695,129.01310381904,실외,부산,부산광역시_서구_ 흡연구역 정보,https://www.data.go.kr/data/15029123/fileData.do,verified,공식 흡연장소 전용 데이터셋
정원매디칼센터,대영로 46,35.1094293685752,129.016672594753,실외,부산,부산광역시_서구_ 흡연구역 정보,https://www.data.go.kr/data/15029123/fileData.do,verified,공식 흡연장소 전용 데이터셋
원양프라자,원양로 105,35.0629154128023,129.012475428987,실내/실외,부산,부산광역시_서구_ 흡연구역 정보,https://www.data.go.kr/data/15029123/fileData.do,verified,공식 흡연장소 전용 데이터셋
우양냉장2공장,충무대로 234,35.0914746304401,129.024777225293,실내/실외,부산,부산광역시_서구_ 흡연구역 정보,https://www.data.go.kr/data/15029123/fileData.do,verified,공식 흡연장소 전용 데이터셋
옛날오막집 건물,구덕로274번길 11,35.1090717925256,129.019464207065,실외,부산,부산광역시_서구_ 흡연구역 정보,https://www.data.go.kr/data/15029123/fileData.do,verified,공식 흡연장소 전용 데이터셋
부산자동차직업학교,까치고개로245번길 9,35.1000717863739,129.022644368883,실외,부산,부산광역시_서구_ 흡연구역 정보,https://www.data.go.kr/data/15029123/fileData.do,verified,공식 흡연장소 전용 데이터셋
부산국제수산물도매시장,원양로 35,35.0588379339015,129.010176236323,실내/실외,부산,부산광역시_서구_ 흡연구역 정보,https://www.data.go.kr/data/15029123/fileData.do,verified,공식 흡연장소 전용 데이터셋
부산국제수산물가공선진화단지,원양로 1,35.0554324668222,129.011223972995,실외,부산,부산광역시_서구_ 흡연구역 정보,https://www.data.go.kr/data/15029123/fileData.do,verified,공식 흡연장소 전용 데이터셋
바른빌딩,보수대로 9,35.0976439325719,129.024905239495,실외,부산,부산광역시_서구_ 흡연구역 정보,https://www.data.go.kr/data/15029123/fileData.do,verified,공식 흡연장소 전용 데이터셋
대림아파트상가(5동),충무대로 133,35.0822588006647,129.024643672507,실내,부산,부산광역시_서구_ 흡연구역 정보,https://www.data.go.kr/data/15029123/fileData.do,verified,공식 흡연장소 전용 데이터셋
국민건강보험부산서부지사,구덕로285번길 7,35.1091827773553,129.017827440988,실외,부산,부산광역시_서구_ 흡연구역 정보,https://www.data.go.kr/data/15029123/fileData.do,verified,공식 흡연장소 전용 데이터셋
ABC볼링장,구덕로 102-1,35.0969061398792,129.024387318787,실내,부산,부산광역시_서구_ 흡연구역 정보,https://www.data.go.kr/data/15029123/fileData.do,verified,공식 흡연장소 전용 데이터셋
한웅레포츠,보수대로 105-1,35.1054142420727,129.021028622675,실내,부산,부산광역시_서구_ 흡연구역 정보,https://www.data.go.kr/data/15029123/fileData.do,verified,공식 흡연장소 전용 데이터셋
송도해수피아,충무대로 134,35.0824060043693,129.025552853474,실내,부산,부산광역시_서구_ 흡연구역 정보,https://www.data.go.kr/data/15029123/fileData.do,verified,공식 흡연장소 전용 데이터셋
송도해모수사우나,충무대로 8,35.076379892139,129.016472416245,실내,부산,부산광역시_서구_ 흡연구역 정보,https://www.data.go.kr/data/15029123/fileData.do,verified,공식 흡연장소 전용 데이터셋
늘푸른스파동광,충무시장길 58,35.0938464861389,129.022961056001,실내,부산,부산광역시_서구_ 흡연구역 정보,https://www.data.go.kr/data/15029123/fileData.do,verified,공식 흡연장소 전용 데이터셋
이디야,구덕로 214,35.1036989055276,129.020176875482,실내,부산,부산광역시_서구_ 흡연구역 정보,https://www.data.go.kr/data/15029123/fileData.do,verified,공식 흡연장소 전용 데이터셋
에피소드인커피,임시수도기념로 19,35.1032393474486,129.018816959662,실외,부산,부산광역시_서구_ 흡연구역 정보,https://www.data.go.kr/data/15029123/fileData.do,verified,공식 흡연장소 전용 데이터셋
수아커피숖,충무대로255번길 6,35.0934790430748,129.023513687326,실내,부산,부산광역시_서구_ 흡연구역 정보,https://www.data.go.kr/data/15029123/fileData.do,verified,공식 흡연장소 전용 데이터셋
산마루,엄광산로 33,35.1287204100142,129.008631525115,실외,부산,부산광역시_서구_ 흡연구역 정보,https://www.data.go.kr/data/15029123/fileData.do,verified,공식 흡연장소 전용 데이터셋
바담코다리맛집,구덕로321번길 8-5,35.112555045782,129.015998829271,실외,부산,부산광역시_서구_ 흡연구역 정보,https://www.data.go.kr/data/15029123/fileData.do,verified,공식 흡연장소 전용 데이터셋
루프탑치킨스카이,송도해변로 79,35.0759588991442,129.016415904117,실외,부산,부산광역시_서구_ 흡연구역 정보,https://www.data.go.kr/data/15029123/fileData.do,verified,공식 흡연장소 전용 데이터셋
로타리커피숍,자갈치로 1,35.0964593693352,129.02479534848,실내,부산,부산광역시_서구_ 흡연구역 정보,https://www.data.go.kr/data/15029123/fileData.do,verified,공식 흡연장소 전용 데이터셋
로얄다방,자갈치로 11,35.0963835388949,129.025649937985,실내,부산,부산광역시_서구_ 흡연구역 정보,https://www.data.go.kr/data/15029123/fileData.do,verified,공식 흡연장소 전용 데이터셋
라비타커피,흑교로109번길 45,35.1055226852269,129.02078895,실외,부산,부산광역시_서구_ 흡연구역 정보,https://www.data.go.kr/data/15029123/fileData.do,verified,공식 흡연장소 전용 데이터셋
디딤돌,대신공원로 13-4,35.1192013560873,129.016115128185,실외,부산,부산광역시_서구_ 흡연구역 정보,https://www.data.go.kr/data/15029123/fileData.do,verified,공식 흡연장소 전용 데이터셋
드롭탑,암남공원로 39,35.0725264018686,129.016165911772,실내,부산,부산광역시_서구_ 흡연구역 정보,https://www.data.go.kr/data/15029123/fileData.do,verified,공식 흡연장소 전용 데이터셋
대가커피숍,충무대로276번길 12,35.0949064187745,129.024894986672,실내,부산,부산광역시_서구_ 흡연구역 정보,https://www.data.go.kr/data/15029123/fileData.do,verified,공식 흡연장소 전용 데이터셋
누리마을감자탕(부민동아대점),구덕로 224,35.1046093539225,129.020291023825,실내,부산,부산광역시_서구_ 흡연구역 정보,https://www.data.go.kr/data/15029123/fileData.do,verified,공식 흡연장소 전용 데이터셋
금오숯불생고기,충무시장길 17,35.0957188086682,129.0237470024,실내,부산,부산광역시_서구_ 흡연구역 정보,https://www.data.go.kr/data/15029123/fileData.do,verified,공식 흡연장소 전용 데이터셋
PASCUCCI(파스쿠찌)(부산대병원점),까치고개로197번길 3,35.1001884856653,129.017178050131,실외,부산,부산광역시_서구_ 흡연구역 정보,https://www.data.go.kr/data/15029123/fileData.do,verified,공식 흡연장소 전용 데이터셋
예사랑병원,옥천로130번길 38,35.0973352015486,129.013241699755,실외,부산,부산광역시_서구_ 흡연구역 정보,https://www.data.go.kr/data/15029123/fileData.do,verified,공식 흡연장소 전용 데이터셋
송도요양병원,암남공원로 522,35.0797663787844,129.012137274702,실외,부산,부산광역시_서구_ 흡연구역 정보,https://www.data.go.kr/data/15029123/fileData.do,verified,공식 흡연장소 전용 데이터셋
삼육병원,대티로 170,35.1120589056483,129.010984671615,실외,부산,부산광역시_서구_ 흡연구역 정보,https://www.data.go.kr/data/15029123/fileData.do,verified,공식 흡연장소 전용 데이터셋
부산영상의학과,구덕로 147,35.0979724948015,129.020445427033,실외,부산,부산광역시_서구_ 흡연구역 정보,https://www.data.go.kr/data/15029123/fileData.do,verified,공식 흡연장소 전용 데이터셋
부산대학교병원,구덕로 179,35.1011282826016,129.019193642975,실외,부산,부산광역시_서구_ 흡연구역 정보,https://www.data.go.kr/data/15029123/fileData.do,verified,공식 흡연장소 전용 데이터셋
동아대학교병원,대신공원로 26,35.1205099717021,129.018749786965,실외,부산,부산광역시_서구_ 흡연구역 정보,https://www.data.go.kr/data/15029123/fileData.do,verified,공식 흡연장소 전용 데이터셋
고신대복음병원,감천로 262,35.0810780661749,129.014512799533,실외,부산,부산광역시_서구_ 흡연구역 정보,https://www.data.go.kr/data/15029123/fileData.do,verified,공식 흡연장소 전용 데이터셋
해변커피숍,해안새벽시장길 1,35.0960795746818,129.025676736964,실내,부산,부산광역시_서구_ 흡연구역 정보,https://www.data.go.kr/data/15029123/fileData.do,verified,공식 흡연장소 전용 데이터셋
해거름커피숍,충무대로276번길 14,35.0948849009256,129.025039407247,실내,부산,부산광역시_서구_ 흡연구역 정보,https://www.data.go.kr/data/15029123/fileData.do,verified,공식 흡연장소 전용 데이터셋
탐앤탐스,송도해변로 57,35.0741174227172,129.015684480156,실내,부산,부산광역시_서구_ 흡연구역 정보,https://www.data.go.kr/data/15029123/fileData.do,verified,공식 흡연장소 전용 데이터셋
쿡커피숍,자갈치로 10,35.0960483857352,129.025418401842,실내,부산,부산광역시_서구_ 흡연구역 정보,https://www.data.go.kr/data/15029123/fileData.do,verified,공식 흡연장소 전용 데이터셋
코코스커피숍,자갈치로 8,35.0961142081479,129.025232860786,실내,부산,부산광역시_서구_ 흡연구역 정보,https://www.data.go.kr/data/15029123/fileData.do,verified,공식 흡연장소 전용 데이터셋
지리산어탕,엄광산로 29,35.1286835617285,129.00839719474,실외,부산,부산광역시_서구_ 흡연구역 정보,https://www.data.go.kr/data/15029123/fileData.do,verified,공식 흡연장소 전용 데이터셋
이디야(민원),감천로 247,35.0816925710815,129.015424239728,실외,부산,부산광역시_서구_ 흡연구역 정보,https://www.data.go.kr/data/15029123/fileData.do,verified,공식 흡연장소 전용 데이터셋
당구선수촌,구덕로 195,35.1021690203504,129.019682286455,실내,부산,부산광역시_서구_ 흡연구역 정보,https://www.data.go.kr/data/15029123/fileData.do,verified,공식 흡연장소 전용 데이터셋
그린라이언골프아카데미,구덕로 130,35.0969851223172,129.02222029667,실내,부산,부산광역시_서구_ 흡연구역 정보,https://www.data.go.kr/data/15029123/fileData.do,verified,공식 흡연장소 전용 데이터셋
그랜드골프,충무대로 12,35.0767000873431,129.016331210614,실내,부산,부산광역시_서구_ 흡연구역 정보,https://www.data.go.kr/data/15029123/fileData.do,verified,공식 흡연장소 전용 데이터셋
귀빈당구장,구덕로 220,35.1041713478887,129.020287668619,실내,부산,부산광역시_서구_ 흡연구역 정보,https://www.data.go.kr/data/15029123/fileData.do,verified,공식 흡연장소 전용 데이터셋
골프존파크,구덕로163번길 26,35.0980735258157,129.019433758846,실내,부산,부산광역시_서구_ 흡연구역 정보,https://www.data.go.kr/data/15029123/fileData.do,verified,공식 흡연장소 전용 데이터셋
7세븐당구클럽,송도해변로 133,35.077715864907,129.021322602332,실내,부산,부산광역시_서구_ 흡연구역 정보,https://www.data.go.kr/data/15029123/fileData.do,verified,공식 흡연장소 전용 데이터셋
한국전력공사중부산지사,까치고개로 252,35.0993904420634,129.023230732729,실외,부산,부산광역시_서구_ 흡연구역 정보,https://www.data.go.kr/data/15029123/fileData.do,verified,공식 흡연장소 전용 데이터셋
한국전력 남부건설공사,보수대로 21,35.0987591599366,129.023846505195,실외,부산,부산광역시_서구_ 흡연구역 정보,https://www.data.go.kr/data/15029123/fileData.do,verified,공식 흡연장소 전용 데이터셋
서부산세무서,대영로 10,35.1099759868034,129.013054222959,실외,부산,부산광역시_서구_ 흡연구역 정보,https://www.data.go.kr/data/15029123/fileData.do,verified,공식 흡연장소 전용 데이터셋
서부교육지원청,꽃마을로 33,35.1171619390238,129.01201439432,실외,부산,부산광역시_서구_ 흡연구역 정보,https://www.data.go.kr/data/15029123/fileData.do,verified,공식 흡연장소 전용 데이터셋
서부경찰서,대영로 16,35.1096170813167,129.013155279418,실외,부산,부산광역시_서구_ 흡연구역 정보,https://www.data.go.kr/data/15029123/fileData.do,verified,공식 흡연장소 전용 데이터셋
서구청,구덕로 120,35.0975389551605,129.023426203707,실내/실외,부산,부산광역시_서구_ 흡연구역 정보,https://www.data.go.kr/data/15029123/fileData.do,verified,공식 흡연장소 전용 데이터셋
서구선거관리위원회,구덕로 312-5,35.1119581314241,129.01765417123,실외,부산,부산광역시_서구_ 흡연구역 정보,https://www.data.go.kr/data/15029123/fileData.do,verified,공식 흡연장소 전용 데이터셋
자이안트스크린골프,보수대로 239,35.1153495889212,129.017628793455,실내,부산,부산광역시_서구_ 흡연구역 정보,https://www.data.go.kr/data/15029123/fileData.do,verified,공식 흡연장소 전용 데이터셋
유원골프존,충무대로 277,35.0954040285426,129.023908845765,실내,부산,부산광역시_서구_ 흡연구역 정보,https://www.data.go.kr/data/15029123/fileData.do,verified,공식 흡연장소 전용 데이터셋
온그린골프클럽,충무대로 246,35.092725641473,129.024415965423,실내,부산,부산광역시_서구_ 흡연구역 정보,https://www.data.go.kr/data/15029123/fileData.do,verified,공식 흡연장소 전용 데이터셋
오성피트니스(대신점),보수대로 198-1,35.1131285113428,129.021113656778,실외,부산,부산광역시_서구_ 흡연구역 정보,https://www.data.go.kr/data/15029123/fileData.do,verified,공식 흡연장소 전용 데이터셋
송도당구장,충무대로 6,35.0760568857374,129.016305844008,실내,부산,부산광역시_서구_ 흡연구역 정보,https://www.data.go.kr/data/15029123/fileData.do,verified,공식 흡연장소 전용 데이터셋
상한가당구클럽,대영로 44,35.109311435456,129.016280812251,실내,부산,부산광역시_서구_ 흡연구역 정보,https://www.data.go.kr/data/15029123/fileData.do,verified,공식 흡연장소 전용 데이터셋
부산스포츠클럽(스크린),성산길 45,34.9182087393107,127.54547013033,실외,부산,부산광역시_서구_ 흡연구역 정보,https://www.data.go.kr/data/15029123/fileData.do,verified,공식 흡연장소 전용 데이터셋
동대당구클럽,구덕로 281-1,35.1091799741284,129.018174354777,실내,부산,부산광역시_서구_ 흡연구역 정보,https://www.data.go.kr/data/15029123/fileData.do,verified,공식 흡연장소 전용 데이터셋
대신스크린골프존,대영로85번길 14,35.1116672920819,129.020327863365,실내,부산,부산광역시_서구_ 흡연구역 정보,https://www.data.go.kr/data/15029123/fileData.do,verified,공식 흡연장소 전용 데이터셋
대신골프프라자,엄광산로 41,35.1292939254051,129.009397340246,실외,부산,부산광역시_서구_ 흡연구역 정보,https://www.data.go.kr/data/15029123/fileData.do,verified,공식 흡연장소 전용 데이터셋
,서울특별시 송파구 충민로 52 가든파이브 웍스관 D동,37.4777176293094,127.122746043108,완전 개방형,서울,서울특별시 송파구_실외 흡연 구역 위치,https://www.data.go.kr/data/15090343/fileData.do,verified,공식 흡연장소 전용 데이터셋
,서울특별시 송파구 충민로 52 가든파이브 웍스관 C동,37.4777176293094,127.122746043108,완전 개방형,서울,서울특별시 송파구_실외 흡연 구역 위치,https://www.data.go.kr/data/15090343/fileData.do,verified,공식 흡연장소 전용 데이터셋
,서울특별시 송파구 충민로 52 가든파이브 웍스관 B동,37.4777176293094,127.122746043108,완전 개방형,서울,서울특별시 송파구_실외 흡연 구역 위치,https://www.data.go.kr/data/15090343/fileData.do,verified,공식 흡연장소 전용 데이터셋
,서울특별시 송파구 충민로 52 가든파이브 웍스관 A동,37.4777176293094,127.122746043108,부분 개방형,서울,서울특별시 송파구_실외 흡연 구역 위치,https://www.data.go.kr/data/15090343/fileData.do,verified,공식 흡연장소 전용 데이터셋
,서울특별시 송파구 충민로 66 가든파이브 라이프관,37.4776148442516,127.124961768886,완전 개방형,서울,서울특별시 송파구_실외 흡연 구역 위치,https://www.data.go.kr/data/15090343/fileData.do,verified,공식 흡연장소 전용 데이터셋
,서울특별시 송파구 법원로 9길 26 H비즈니스파크 D동,37.4841745170627,127.116800417724,완전 개방형,서울,서울특별시 송파구_실외 흡연 구역 위치,https://www.data.go.kr/data/15090343/fileData.do,verified,공식 흡연장소 전용 데이터셋
,서울특별시 송파구 법원로 9길 26 H비즈니스파크 C동,37.4841745170627,127.116800417724,완전 개방형,서울,서울특별시 송파구_실외 흡연 구역 위치,https://www.data.go.kr/data/15090343/fileData.do,verified,공식 흡연장소 전용 데이터셋
,서울특별시 송파구 법원로 9길 26 H비즈니스파크 B동,37.4841745170627,127.116800417724,완전 개방형,서울,서울특별시 송파구_실외 흡연 구역 위치,https://www.data.go.kr/data/15090343/fileData.do,verified,공식 흡연장소 전용 데이터셋
,서울특별시 송파구 법원로 9길 26 H비즈니스파크 A동,37.4841745170627,127.116800417724,완전 개방형,서울,서울특별시 송파구_실외 흡연 구역 위치,https://www.data.go.kr/data/15090343/fileData.do,verified,공식 흡연장소 전용 데이터셋
,서울특별시 송파구 법원로 11길 7 현대지식산업센터 C동,37.4852991782959,127.119391411935,부분 개방형,서울,서울특별시 송파구_실외 흡연 구역 위치,https://www.data.go.kr/data/15090343/fileData.do,verified,공식 흡연장소 전용 데이터셋
,서울특별시 송파구 법원로 11길 11 현대지식산업센터 B동,37.4846302643031,127.118322322397,완전 개방형,서울,서울특별시 송파구_실외 흡연 구역 위치,https://www.data.go.kr/data/15090343/fileData.do,verified,공식 흡연장소 전용 데이터셋
,서울특별시 송파구 법원로 11길 11 현대지식산업센터 A동,37.4846302643031,127.118322322397,부분 개방형,서울,서울특별시 송파구_실외 흡연 구역 위치,https://www.data.go.kr/data/15090343/fileData.do,verified,공식 흡연장소 전용 데이터셋
화목당구장(삼익당구장),구덕로296번길 20,35.1107165522426,129.018743484758,실내,부산,부산광역시_서구_ 흡연구역 정보,https://www.data.go.kr/data/15029123/fileData.do,verified,공식 흡연장소 전용 데이터셋
큐당구장,대영로 45,35.1097570300956,129.016461775314,실내,부산,부산광역시_서구_ 흡연구역 정보,https://www.data.go.kr/data/15029123/fileData.do,verified,공식 흡연장소 전용 데이터셋
광진우편집중국,광진구 자양로 76,37.5355298293275,127.086107324568,청사,서울,서울특별시_광진구_ 흡연 구역 정보,https://www.data.go.kr/data/15040615/fileData.do,verified,공식 흡연장소 전용 데이터셋
광진소방서,광진구 광나루로 480,37.5448260218652,127.082778518406,청사,서울,서울특별시_광진구_ 흡연 구역 정보,https://www.data.go.kr/data/15040615/fileData.do,verified,공식 흡연장소 전용 데이터셋
광진경찰서,광진구 자양로 167,37.5429114164928,127.083902174384,청사,서울,서울특별시_광진구_ 흡연 구역 정보,https://www.data.go.kr/data/15040615/fileData.do,verified,공식 흡연장소 전용 데이터셋
,서울특별시 송파구 송파대로 201 테라타워2 B동,37.4877387829749,127.120685887596,부분 개방형,서울,서울특별시 송파구_실외 흡연 구역 위치,https://www.data.go.kr/data/15090343/fileData.do,verified,공식 흡연장소 전용 데이터셋
,서울특별시 송파구 송파대로 201 테라타워2 A동,37.4877387829749,127.120685887596,완전 개방형,서울,서울특별시 송파구_실외 흡연 구역 위치,https://www.data.go.kr/data/15090343/fileData.do,verified,공식 흡연장소 전용 데이터셋
,서울특별시 송파구 송파대로 167 테라타워1 B동,37.4846614982049,127.120933640924,완전 개방형,서울,서울특별시 송파구_실외 흡연 구역 위치,https://www.data.go.kr/data/15090343/fileData.do,verified,공식 흡연장소 전용 데이터셋
,서울특별시 송파구 송파대로 167 테라타워1 A동,37.4846614982049,127.120933640924,완전 개방형,서울,서울특별시 송파구_실외 흡연 구역 위치,https://www.data.go.kr/data/15090343/fileData.do,verified,공식 흡연장소 전용 데이터셋
,서울특별시 송파구 오금로 58 잠실아이스페이스,37.5167525460808,127.105490937496,완전 개방형,서울,서울특별시 송파구_실외 흡연 구역 위치,https://www.data.go.kr/data/15090343/fileData.do,verified,공식 흡연장소 전용 데이터셋
,서울특별시 송파구 법원로 114 엠스테이트,37.4860552797801,127.12100938212,부분 개방형,서울,서울특별시 송파구_실외 흡연 구역 위치,https://www.data.go.kr/data/15090343/fileData.do,verified,공식 흡연장소 전용 데이터셋
,서울특별시 송파구 송이로 123 경찰병원,37.4964145655333,127.123487484921,부분 개방형,서울,서울특별시 송파구_실외 흡연 구역 위치,https://www.data.go.kr/data/15090343/fileData.do,verified,공식 흡연장소 전용 데이터셋
,서울특별시 송파구 올림픽로 43길 88 서울아산병원,37.525171129004,127.109380463701,부분 개방형,서울,서울특별시 송파구_실외 흡연 구역 위치,https://www.data.go.kr/data/15090343/fileData.do,verified,공식 흡연장소 전용 데이터셋
,서울특별시 송파구 올림픽로 25 잠실야구장 내야,37.5161987797456,127.075940589715,부분 개방형,서울,서울특별시 송파구_실외 흡연 구역 위치,https://www.data.go.kr/data/15090343/fileData.do,verified,공식 흡연장소 전용 데이터셋
,서울특별시 송파구 올림픽로 25 잠실야구장 외야,37.5161987797456,127.075940589715,부분 개방형,서울,서울특별시 송파구_실외 흡연 구역 위치,https://www.data.go.kr/data/15090343/fileData.do,verified,공식 흡연장소 전용 데이터셋
,서울특별시 송파구 잠실로 209 KT송파타워,37.5138653661709,127.106099706239,밀폐형 ,서울,서울특별시 송파구_실외 흡연 구역 위치,https://www.data.go.kr/data/15090343/fileData.do,verified,공식 흡연장소 전용 데이터셋
,서울특별시 송파구 올림픽로 240 롯데호텔,37.5113096112036,127.098141751177,부분 개방형,서울,서울특별시 송파구_실외 흡연 구역 위치,https://www.data.go.kr/data/15090343/fileData.do,verified,공식 흡연장소 전용 데이터셋
,서울특별시 송파구 올림픽로 300 롯데월드몰,37.5137129859207,127.104301829165,부분 개방형,서울,서울특별시 송파구_실외 흡연 구역 위치,https://www.data.go.kr/data/15090343/fileData.do,verified,공식 흡연장소 전용 데이터셋
경희생생한방병원,"서울특별시 광진구 동일로 82-1, 생생한방병원 지하1~5층 (자양동)",37.5399452105408,127.063097486136,병원 ,서울,서울특별시_광진구_ 흡연 구역 정보,https://www.data.go.kr/data/15040615/fileData.do,verified,공식 흡연장소 전용 데이터셋
세종대학교,능동로 216,37.5520117940291,127.078770241307,대학교,서울,서울특별시_광진구_ 흡연 구역 정보,https://www.data.go.kr/data/15040615/fileData.do,verified,공식 흡연장소 전용 데이터셋
세종대학교,능동로 210,37.547871203305,127.074549925093,대학교,서울,서울특별시_광진구_ 흡연 구역 정보,https://www.data.go.kr/data/15040615/fileData.do,verified,공식 흡연장소 전용 데이터셋
세종대학교,능동로 209,37.5516093089619,127.07318364213,대학교,서울,서울특별시_광진구_ 흡연 구역 정보,https://www.data.go.kr/data/15040615/fileData.do,verified,공식 흡연장소 전용 데이터셋
보건복지행정타운,서울 광진구 용마산로 127,37.5650862337223,127.085776641765,청사,서울,서울특별시_광진구_ 흡연 구역 정보,https://www.data.go.kr/data/15040615/fileData.do,verified,공식 흡연장소 전용 데이터셋
구의119안전센터,광나루로480,37.5448260218652,127.082778518406,청사,서울,서울특별시_광진구_ 흡연 구역 정보,https://www.data.go.kr/data/15040615/fileData.do,verified,공식 흡연장소 전용 데이터셋
능동119안전센터,능동로242,37.5516748979298,127.077014317342,청사,서울,서울특별시_광진구_ 흡연 구역 정보,https://www.data.go.kr/data/15040615/fileData.do,verified,공식 흡연장소 전용 데이터셋
광나루지구대,아차산로 567,37.5444546646191,127.103316501535,청사,서울,서울특별시_광진구_ 흡연 구역 정보,https://www.data.go.kr/data/15040615/fileData.do,verified,공식 흡연장소 전용 데이터셋
화양지구대,능동로17길39,37.5465267774587,127.071267629589,청사,서울,서울특별시_광진구_ 흡연 구역 정보,https://www.data.go.kr/data/15040615/fileData.do,verified,공식 흡연장소 전용 데이터셋
서울시 물연구원,광진구 천호대로 716-10,37.5466126740221,127.092066287751,청사,서울,서울특별시_광진구_ 흡연 구역 정보,https://www.data.go.kr/data/15040615/fileData.do,verified,공식 흡연장소 전용 데이터셋
화양동 주민자치센터,광진구 화양동 132-68,37.5462710059779,127.070480248872,청사,서울,서울특별시_광진구_ 흡연 구역 정보,https://www.data.go.kr/data/15040615/fileData.do,verified,공식 흡연장소 전용 데이터셋
광진구청 ,광진구 자양1동779,37.5375239543766,127.082272036701,청사,서울,서울특별시_광진구_ 흡연 구역 정보,https://www.data.go.kr/data/15040615/fileData.do,verified,공식 흡연장소 전용 데이터셋
광진구청 ,광진구 자양1동777,37.5383979954125,127.082428688031,청사,서울,서울특별시_광진구_ 흡연 구역 정보,https://www.data.go.kr/data/15040615/fileData.do,verified,공식 흡연장소 전용 데이터셋
광진우체국,광진구 구의동 587,37.5372634939351,127.090145456311,청사,서울,서울특별시_광진구_ 흡연 구역 정보,https://www.data.go.kr/data/15040615/fileData.do,verified,공식 흡연장소 전용 데이터셋
광진우편집중국,광진구 자양로 81,37.5351324957877,127.083842770754,청사,서울,서울특별시_광진구_ 흡연 구역 정보,https://www.data.go.kr/data/15040615/fileData.do,verified,공식 흡연장소 전용 데이터셋
광진우편집중국,광진구 자양로 80,37.5350103589243,127.084546606254,청사,서울,서울특별시_광진구_ 흡연 구역 정보,https://www.data.go.kr/data/15040615/fileData.do,verified,공식 흡연장소 전용 데이터셋
테크노마트25,광나루로56길  85(구의동)(지하1~지상13),37.535725176732,127.095692162256,대규모점포  ,서울,서울특별시_광진구_ 흡연 구역 정보,https://www.data.go.kr/data/15040615/fileData.do,verified,공식 흡연장소 전용 데이터셋
테크노마트24,광나루로56길  85(구의동)(지하1~지상12),37.535725176732,127.095692162256,대규모점포  ,서울,서울특별시_광진구_ 흡연 구역 정보,https://www.data.go.kr/data/15040615/fileData.do,verified,공식 흡연장소 전용 데이터셋
테크노마트23,광나루로56길  85(구의동)(지하1~지상11),37.535725176732,127.095692162256,대규모점포  ,서울,서울특별시_광진구_ 흡연 구역 정보,https://www.data.go.kr/data/15040615/fileData.do,verified,공식 흡연장소 전용 데이터셋
테크노마트22,광나루로56길  85(구의동)(지하1~지상10),37.535725176732,127.095692162256,대규모점포  ,서울,서울특별시_광진구_ 흡연 구역 정보,https://www.data.go.kr/data/15040615/fileData.do,verified,공식 흡연장소 전용 데이터셋
테크노마트21,광나루로56길  85(구의동)(지하1~지상9),37.535725176732,127.095692162256,대규모점포  ,서울,서울특별시_광진구_ 흡연 구역 정보,https://www.data.go.kr/data/15040615/fileData.do,verified,공식 흡연장소 전용 데이터셋
커먼그라운드,아차산로 200  (자양동)(지하1~지상6),37.5410566332301,127.065669226745,대규모점포  ,서울,서울특별시_광진구_ 흡연 구역 정보,https://www.data.go.kr/data/15040615/fileData.do,verified,공식 흡연장소 전용 데이터셋
커먼그라운드,아차산로 200  (자양동)(지하1~지상5),37.5410566332301,127.065669226745,대규모점포  ,서울,서울특별시_광진구_ 흡연 구역 정보,https://www.data.go.kr/data/15040615/fileData.do,verified,공식 흡연장소 전용 데이터셋
커먼그라운드,아차산로 200  (자양동)(지하1~지상4),37.5410566332301,127.065669226745,대규모점포  ,서울,서울특별시_광진구_ 흡연 구역 정보,https://www.data.go.kr/data/15040615/fileData.do,verified,공식 흡연장소 전용 데이터셋
롯데백화점 건대스타시티점,능동로 92(자양동)(지하6~지상10),37.5390373908314,127.071432147214,대규모점포  ,서울,서울특별시_광진구_ 흡연 구역 정보,https://www.data.go.kr/data/15040615/fileData.do,verified,공식 흡연장소 전용 데이터셋
이마트 자양점,아차산로 272(자양동)(지하 1층),37.5385582736952,127.072996184863,대규모점포  ,서울,서울특별시_광진구_ 흡연 구역 정보,https://www.data.go.kr/data/15040615/fileData.do,verified,공식 흡연장소 전용 데이터셋
건국대학교새천년관 대공연장,능동로 120,37.539182674872,127.074711902268,공연장,서울,서울특별시_광진구_ 흡연 구역 정보,https://www.data.go.kr/data/15040615/fileData.do,verified,공식 흡연장소 전용 데이터셋
유니버설아트센터,천호대로 664,37.5509798002896,127.087095159462,공연장,서울,서울특별시_광진구_ 흡연 구역 정보,https://www.data.go.kr/data/15040615/fileData.do,verified,공식 흡연장소 전용 데이터셋
국립정신건강센터,서울특별시 광진구 용마산로 127,37.5650862337223,127.085776641765,병원 ,서울,서울특별시_광진구_ 흡연 구역 정보,https://www.data.go.kr/data/15040615/fileData.do,verified,공식 흡연장소 전용 데이터셋
서울프라임병원,"서울특별시 광진구 동일로 92-1, B1~2, 3~7층 (자양동)",37.5408266646495,127.063590210516,병원 ,서울,서울특별시_광진구_ 흡연 구역 정보,https://www.data.go.kr/data/15040615/fileData.do,verified,공식 흡연장소 전용 데이터셋
올레,"서울특별시 광진구 자양로18길 53, 2층 (구의동)",37.5381830731146,127.08638373915,일반음식점,서울,서울특별시_광진구_ 흡연 구역 정보,https://www.data.go.kr/data/15040615/fileData.do,verified,공식 흡연장소 전용 데이터셋
시골청년맥주,서울특별시 광진구 자양로18길 11 (구의동),37.5376687678637,127.084157668299,일반음식점,서울,서울특별시_광진구_ 흡연 구역 정보,https://www.data.go.kr/data/15040615/fileData.do,verified,공식 흡연장소 전용 데이터셋
코마찌,"서울특별시 광진구 아차산로76길 19 (광장동,(3층))",37.5473463276468,127.108050511567,일반음식점,서울,서울특별시_광진구_ 흡연 구역 정보,https://www.data.go.kr/data/15040615/fileData.do,verified,공식 흡연장소 전용 데이터셋
신선설농탕,"서울특별시 광진구 천호대로 813 (광장동,7,8,9 호 1F)",37.5456165037696,127.104135787897,일반음식점,서울,서울특별시_광진구_ 흡연 구역 정보,https://www.data.go.kr/data/15040615/fileData.do,verified,공식 흡연장소 전용 데이터셋
중일가든,서울특별시 광진구 아차산로76가길 4 (광장동),37.5475074023659,127.10748425859,일반음식점,서울,서울특별시_광진구_ 흡연 구역 정보,https://www.data.go.kr/data/15040615/fileData.do,verified,공식 흡연장소 전용 데이터셋
명월관,서울특별시 광진구 워커힐로 177 (광장동),37.5586287308609,127.11170683593,일반음식점,서울,서울특별시_광진구_ 흡연 구역 정보,https://www.data.go.kr/data/15040615/fileData.do,verified,공식 흡연장소 전용 데이터셋
강변스파랜드 25시 불가마,서울특별시 광진구 구의강변로 46 (구의동),37.5347929416951,127.092026637897,목욕장업,서울,서울특별시_광진구_ 흡연 구역 정보,https://www.data.go.kr/data/15040615/fileData.do,verified,공식 흡연장소 전용 데이터셋
강변스파랜드 24시 불가마,서울특별시 광진구 구의강변로 45 (구의동),37.5348853120226,127.09130727989,목욕장업,서울,서울특별시_광진구_ 흡연 구역 정보,https://www.data.go.kr/data/15040615/fileData.do,verified,공식 흡연장소 전용 데이터셋
칠산레져대중사우나,서울특별시 광진구 자양로 135 (자양동),37.5398593236293,127.082948409466,목욕장업,서울,서울특별시_광진구_ 흡연 구역 정보,https://www.data.go.kr/data/15040615/fileData.do,verified,공식 흡연장소 전용 데이터셋
한빛대중사우나,"서울특별시 광진구 용마산로 44, 지하1층 (중곡동)",37.5574688324514,127.088244321697,목욕장업,서울,서울특별시_광진구_ 흡연 구역 정보,https://www.data.go.kr/data/15040615/fileData.do,verified,공식 흡연장소 전용 데이터셋
프라임 노다지 사우나,"서울특별시 광진구 광나루로56길 63, 지층 (구의동, 프라임프라자상가)",37.5367887874337,127.096160584389,목욕장업,서울,서울특별시_광진구_ 흡연 구역 정보,https://www.data.go.kr/data/15040615/fileData.do,verified,공식 흡연장소 전용 데이터셋
매일온천탕,서울특별시 광진구 자양로53길 109 (중곡동),37.5569147266063,127.089193776951,목욕장업,서울,서울특별시_광진구_ 흡연 구역 정보,https://www.data.go.kr/data/15040615/fileData.do,verified,공식 흡연장소 전용 데이터셋
호텔더디자이너스프리미어건대,서울특별시 광진구 동일로 172,37.5473445114869,127.067296227659,관광숙박업소,서울,서울특별시_광진구_ 흡연 구역 정보,https://www.data.go.kr/data/15040615/fileData.do,verified,공식 흡연장소 전용 데이터셋
호텔컬리넌건대2,서울특별시 광진구 동일로 214,37.5508139803543,127.069177342229,관광숙박업소,서울,서울특별시_광진구_ 흡연 구역 정보,https://www.data.go.kr/data/15040615/fileData.do,verified,공식 흡연장소 전용 데이터셋
호텔더디자이너스건대,서울특별시 광진구 천호대로 521,37.558660510773,127.076600031017,관광숙박업소,서울,서울특별시_광진구_ 흡연 구역 정보,https://www.data.go.kr/data/15040615/fileData.do,verified,공식 흡연장소 전용 데이터셋
SK 네트웍스 (주) 워커힐,서울특별시 광진구 워커힐로 177,37.5586287308609,127.11170683593,관광숙박업소,서울,서울특별시_광진구_ 흡연 구역 정보,https://www.data.go.kr/data/15040615/fileData.do,verified,공식 흡연장소 전용 데이터셋
다트프린스건대점,"서울특별시 광진구 아차산로 242, 2층 (자양동)",37.5399325479221,127.069903667359,일반음식점,서울,서울특별시_광진구_ 흡연 구역 정보,https://www.data.go.kr/data/15040615/fileData.do,verified,공식 흡연장소 전용 데이터셋
송림식당,"서울특별시 광진구 자양번영로 77 (자양동,,137,138,139,141)",37.5363951630468,127.076398029656,일반음식점,서울,서울특별시_광진구_ 흡연 구역 정보,https://www.data.go.kr/data/15040615/fileData.do,verified,공식 흡연장소 전용 데이터셋
카페오로시,"서울특별시 광진구 자양로 131, 지층,1층층 (자양동)",37.5394776891691,127.082907026695,휴게음식점,서울,서울특별시_광진구_ 흡연 구역 정보,https://www.data.go.kr/data/15040615/fileData.do,verified,공식 흡연장소 전용 데이터셋
돈돈구이 이층집,"서울특별시 광진구 뚝섬로 621, 2층 (자양동)",37.5324151513492,127.078762411532,일반음식점,서울,서울특별시_광진구_ 흡연 구역 정보,https://www.data.go.kr/data/15040615/fileData.do,verified,공식 흡연장소 전용 데이터셋
고기원칙구의역점,"서울특별시 광진구 아차산로 384, 태양빌딩 1층 (자양동)",37.536668172735,127.085460199815,일반음식점,서울,서울특별시_광진구_ 흡연 구역 정보,https://www.data.go.kr/data/15040615/fileData.do,verified,공식 흡연장소 전용 데이터셋
신양,"서울특별시 광진구 능동로 31, 지하1층 (자양동)",37.5342776949491,127.067730487671,일반음식점,서울,서울특별시_광진구_ 흡연 구역 정보,https://www.data.go.kr/data/15040615/fileData.do,verified,공식 흡연장소 전용 데이터셋
명륜진사갈비아차산역점,"서울특별시 광진구 능동로36길 187, 공원갈비 1~2층 (능동)",37.5525063065368,127.088621546934,일반음식점,서울,서울특별시_광진구_ 흡연 구역 정보,https://www.data.go.kr/data/15040615/fileData.do,verified,공식 흡연장소 전용 데이터셋
투썸플레이스 군자역점,"서울특별시 광진구 능동로 289 (군자동,(1층))",37.5557904109818,127.078344497368,휴게음식점,서울,서울특별시_광진구_ 흡연 구역 정보,https://www.data.go.kr/data/15040615/fileData.do,verified,공식 흡연장소 전용 데이터셋
돌체,"서울특별시 광진구 능동로35길 24 (군자동,지하1층)",37.5570979563455,127.077771951661,일반음식점,서울,서울특별시_광진구_ 흡연 구역 정보,https://www.data.go.kr/data/15040615/fileData.do,verified,공식 흡연장소 전용 데이터셋
태평양수산회세꼬시,서울특별시 광진구 군자로 183 (군자동),37.5570097116992,127.078237125229,일반음식점,서울,서울특별시_광진구_ 흡연 구역 정보,https://www.data.go.kr/data/15040615/fileData.do,verified,공식 흡연장소 전용 데이터셋
꽃빙,"서울특별시 광진구 강변역로 50, 동서울종합터미널 2층 (구의동)",37.5345385101597,127.094184050922,휴게음식점,서울,서울특별시_광진구_ 흡연 구역 정보,https://www.data.go.kr/data/15040615/fileData.do,verified,공식 흡연장소 전용 데이터셋
아차산할아버지손두부,"서울특별시 광진구 자양로 324, 약수목욕탕 1층 (구의동)",37.5540759465118,127.094192675873,일반음식점,서울,서울특별시_광진구_ 흡연 구역 정보,https://www.data.go.kr/data/15040615/fileData.do,verified,공식 흡연장소 전용 데이터셋
망향비빔국수,"서울특별시 광진구 천호대로 694 (구의동,(1층))",37.5493138789394,127.09123898596,일반음식점,서울,서울특별시_광진구_ 흡연 구역 정보,https://www.data.go.kr/data/15040615/fileData.do,verified,공식 흡연장소 전용 데이터셋
짬뽕지존 아차산점,서울특별시 광진구 천호대로 682 (구의동),37.5501048843898,127.090276348104,일반음식점,서울,서울특별시_광진구_ 흡연 구역 정보,https://www.data.go.kr/data/15040615/fileData.do,verified,공식 흡연장소 전용 데이터셋
백년회관서서갈비아차산점,"서울특별시 광진구 천호대로 659, 2층 (구의동)",37.5523039456894,127.089928064798,일반음식점,서울,서울특별시_광진구_ 흡연 구역 정보,https://www.data.go.kr/data/15040615/fileData.do,verified,공식 흡연장소 전용 데이터셋
콴차이,"서울특별시 광진구 자양로18길 17, 2층 (구의동)",37.5377525884747,127.084497541678,일반음식점,서울,서울특별시_광진구_ 흡연 구역 정보,https://www.data.go.kr/data/15040615/fileData.do,verified,공식 흡연장소 전용 데이터셋
킹 당구장,"서울특별시 광진구 광나루로 354, 지층 (화양동)",37.5479484508282,127.06916745162,당구장업,서울,서울특별시_광진구_ 흡연 구역 정보,https://www.data.go.kr/data/15040615/fileData.do,verified,공식 흡연장소 전용 데이터셋
마이큐당구장,"서울특별시 광진구 동일로22길 64, 3층 (화양동)",37.5414729330796,127.067676459516,당구장업,서울,서울특별시_광진구_ 흡연 구역 정보,https://www.data.go.kr/data/15040615/fileData.do,verified,공식 흡연장소 전용 데이터셋
VIP당구장,서울특별시 광진구 군자로 52 (화양동),37.5476679709384,127.070536560671,당구장업,서울,서울특별시_광진구_ 흡연 구역 정보,https://www.data.go.kr/data/15040615/fileData.do,verified,공식 흡연장소 전용 데이터셋
블루오션당구장(16대),"서울특별시 광진구 능동로13길 39, 지층 (화양동, 한아름건물)",37.543959020957,127.069757721395,당구장업,서울,서울특별시_광진구_ 흡연 구역 정보,https://www.data.go.kr/data/15040615/fileData.do,verified,공식 흡연장소 전용 데이터셋
새로난당구장,"서울특별시 광진구 광나루로24길 37, 지층, 1층 (화양동)",37.5449710041946,127.077174101341,당구장업,서울,서울특별시_광진구_ 흡연 구역 정보,https://www.data.go.kr/data/15040615/fileData.do,verified,공식 흡연장소 전용 데이터셋
탐앤탐스(건대),"서울특별시 광진구 동일로22길 115 (화양동,외 92호(2층))",37.5407636585904,127.070462165241,휴게음식점,서울,서울특별시_광진구_ 흡연 구역 정보,https://www.data.go.kr/data/15040615/fileData.do,verified,공식 흡연장소 전용 데이터셋
카페베네건대2호점,"서울특별시 광진구 아차산로 207 (화양동,1층)",37.5415193302309,127.066734169243,휴게음식점,서울,서울특별시_광진구_ 흡연 구역 정보,https://www.data.go.kr/data/15040615/fileData.do,verified,공식 흡연장소 전용 데이터셋
커피마켓,"서울특별시 광진구 아차산로33길 60 (화양동,지상1,2,3층)",37.5428701496604,127.071139792136,휴게음식점,서울,서울특별시_광진구_ 흡연 구역 정보,https://www.data.go.kr/data/15040615/fileData.do,verified,공식 흡연장소 전용 데이터셋
마당족발,광진구 능동로 173,37.5462289950777,127.073331486673,일반음식점,서울,서울특별시_광진구_ 흡연 구역 정보,https://www.data.go.kr/data/15040615/fileData.do,verified,공식 흡연장소 전용 데이터셋
명륜진사갈비중곡점,"서울특별시 광진구 용마산로 110, 토끼빌딩 1층 (중곡동)",37.5633944458469,127.087235358929,일반음식점,서울,서울특별시_광진구_ 흡연 구역 정보,https://www.data.go.kr/data/15040615/fileData.do,verified,공식 흡연장소 전용 데이터셋
기찬아구찜,서울특별시 광진구 면목로 140 (중곡동),37.5657584888123,127.081419186213,일반음식점,서울,서울특별시_광진구_ 흡연 구역 정보,https://www.data.go.kr/data/15040615/fileData.do,verified,공식 흡연장소 전용 데이터셋
제주탐하리,"서울특별시 광진구 천호대로101길 11 (중곡동,(1층))",37.5597321422095,127.074652963936,일반음식점,서울,서울특별시_광진구_ 흡연 구역 정보,https://www.data.go.kr/data/15040615/fileData.do,verified,공식 흡연장소 전용 데이터셋
다원,"서울특별시 광진구 능동로 391, 지층 (중곡동)",37.5642326642897,127.083083066673,일반음식점,서울,서울특별시_광진구_ 흡연 구역 정보,https://www.data.go.kr/data/15040615/fileData.do,verified,공식 흡연장소 전용 데이터셋
탐앤탐스탐스커버리건대점,"서울특별시 광진구 아차산로 236, 1층,2층,3층,4층 (자양동)",37.5399880131907,127.0693540366,휴게음식점,서울,서울특별시_광진구_ 흡연 구역 정보,https://www.data.go.kr/data/15040615/fileData.do,verified,공식 흡연장소 전용 데이터셋
이디야,"서울특별시 광진구 아차산로30길 8, 2층 (자양동)",37.5404002389743,127.067613370282,휴게음식점,서울,서울특별시_광진구_ 흡연 구역 정보,https://www.data.go.kr/data/15040615/fileData.do,verified,공식 흡연장소 전용 데이터셋
더이퀼리브리엄커피,"서울특별시 광진구 아차산로30길 7, 3층 (자양동)",37.5403541616654,127.067833632739,일반음식점,서울,서울특별시_광진구_ 흡연 구역 정보,https://www.data.go.kr/data/15040615/fileData.do,verified,공식 흡연장소 전용 데이터셋
준당구장,"서울특별시 광진구 능동로 340, 지층 (중곡동)",37.5598129762801,127.081183979532,당구장업,서울,서울특별시_광진구_ 흡연 구역 정보,https://www.data.go.kr/data/15040615/fileData.do,verified,공식 흡연장소 전용 데이터셋
NK 골프클럽,서울특별시 광진구 용마산로 21 (중곡동),37.5556076346907,127.088013403176,골프연습장업,서울,서울특별시_광진구_ 흡연 구역 정보,https://www.data.go.kr/data/15040615/fileData.do,verified,공식 흡연장소 전용 데이터셋
공원스크린골프,"서울특별시 광진구 천호대로 553, 지하1층 (중곡동, 중곡빌딩)",37.5573934061322,127.079911629838,골프연습장업,서울,서울특별시_광진구_ 흡연 구역 정보,https://www.data.go.kr/data/15040615/fileData.do,verified,공식 흡연장소 전용 데이터셋
우리당구장,"서울특별시 광진구 동일로 222, 글터빌딩 지하층 (군자동)",37.5514477117114,127.069536441929,당구장업,서울,서울특별시_광진구_ 흡연 구역 정보,https://www.data.go.kr/data/15040615/fileData.do,verified,공식 흡연장소 전용 데이터셋
한큐당구장,"서울특별시 광진구 천호대로 528, 지층 (군자동)",37.5578465461382,127.076606101574,당구장업,서울,서울특별시_광진구_ 흡연 구역 정보,https://www.data.go.kr/data/15040615/fileData.do,verified,공식 흡연장소 전용 데이터셋
로얄당구장,"서울특별시 광진구 광나루로 379, 1층 (군자동)",37.5482959317387,127.072086799991,당구장업,서울,서울특별시_광진구_ 흡연 구역 정보,https://www.data.go.kr/data/15040615/fileData.do,verified,공식 흡연장소 전용 데이터셋
보스당구장,"서울특별시 광진구 군자로 180, 201호 (군자동, 한창빌딩)",37.5565451145267,127.078166018297,당구장업,서울,서울특별시_광진구_ 흡연 구역 정보,https://www.data.go.kr/data/15040615/fileData.do,verified,공식 흡연장소 전용 데이터셋
퓨전당구장,서울특별시 광진구 군자로 141 (군자동),37.5543077590397,127.074826250644,당구장업,서울,서울특별시_광진구_ 흡연 구역 정보,https://www.data.go.kr/data/15040615/fileData.do,verified,공식 흡연장소 전용 데이터셋
양지당구장,"서울특별시 광진구 군자로 145, 2층 (군자동)",37.554556659282,127.075322758666,당구장업,서울,서울특별시_광진구_ 흡연 구역 정보,https://www.data.go.kr/data/15040615/fileData.do,verified,공식 흡연장소 전용 데이터셋
세종스크린골프,"서울특별시 광진구 군자로 70, 2층 (군자동, 동일흥업주식회사)",37.5490604497643,127.07086163412,골프연습장업,서울,서울특별시_광진구_ 흡연 구역 정보,https://www.data.go.kr/data/15040615/fileData.do,verified,공식 흡연장소 전용 데이터셋
SG  스크린 골프존,"서울특별시 광진구 천호대로 512 (군자동, 군자빌딩)",37.5584318575875,127.075308664069,골프연습장업,서울,서울특별시_광진구_ 흡연 구역 정보,https://www.data.go.kr/data/15040615/fileData.do,verified,공식 흡연장소 전용 데이터셋
삼진스트라이크존 (야구종목),"서울특별시 광진구 능동로13길 39, 한아름건물 2층 (화양동)",37.543959020957,127.069757721395,가상체험 체육시설업,서울,서울특별시_광진구_ 흡연 구역 정보,https://www.data.go.kr/data/15040615/fileData.do,verified,공식 흡연장소 전용 데이터셋
공원당구장,"서울특별시 광진구 광나루로 404, 지층 (화양동)",37.546997372538,127.07433110762,당구장업,서울,서울특별시_광진구_ 흡연 구역 정보,https://www.data.go.kr/data/15040615/fileData.do,verified,공식 흡연장소 전용 데이터셋
스포츠 당구장,"서울특별시 광진구 동일로 112, 지하1층 (화양동)",37.5425398776259,127.064490559582,당구장업,서울,서울특별시_광진구_ 흡연 구역 정보,https://www.data.go.kr/data/15040615/fileData.do,verified,공식 흡연장소 전용 데이터셋
큐당구장,서울특별시 광진구 아차산로33길 63 (화양동),37.5430195455351,127.070973144286,당구장업,서울,서울특별시_광진구_ 흡연 구역 정보,https://www.data.go.kr/data/15040615/fileData.do,verified,공식 흡연장소 전용 데이터셋
플라밍고당구장,"서울특별시 광진구 아차산로 235, 5층 (화양동)",37.5406129331373,127.069530225646,당구장업,서울,서울특별시_광진구_ 흡연 구역 정보,https://www.data.go.kr/data/15040615/fileData.do,verified,공식 흡연장소 전용 데이터셋
에이스 당구클럽,"서울특별시 광진구 용마산로 66, 2층 (중곡동)",37.5595406006828,127.0878604833,당구장업,서울,서울특별시_광진구_ 흡연 구역 정보,https://www.data.go.kr/data/15040615/fileData.do,verified,공식 흡연장소 전용 데이터셋
비바체 당구장,"서울특별시 광진구 영화사로 32, 2층 (중곡동, 덕흥빌딩)",37.5567374808748,127.090404201594,당구장업,서울,서울특별시_광진구_ 흡연 구역 정보,https://www.data.go.kr/data/15040615/fileData.do,verified,공식 흡연장소 전용 데이터셋
핑당구클럽,"서울특별시 광진구 천호대로129길 29, 3층 (중곡동)",37.5531645632465,127.091123493697,당구장업,서울,서울특별시_광진구_ 흡연 구역 정보,https://www.data.go.kr/data/15040615/fileData.do,verified,공식 흡연장소 전용 데이터셋
오렌지 당구장,"서울특별시 광진구 영화사로 10, 2층 (중곡동)",37.5579558271387,127.088477361799,당구장업,서울,서울특별시_광진구_ 흡연 구역 정보,https://www.data.go.kr/data/15040615/fileData.do,verified,공식 흡연장소 전용 데이터셋
세븐당구클럽(7대),"서울특별시 광진구 용마산로 44, 3층 (중곡동)",37.5574688324514,127.088244321697,당구장업,서울,서울특별시_광진구_ 흡연 구역 정보,https://www.data.go.kr/data/15040615/fileData.do,verified,공식 흡연장소 전용 데이터셋
신성 스크린 골프,"서울특별시 광진구 용마산로 18, 지하1층 (중곡동)",37.555265656122,127.08856234296,골프연습장업,서울,서울특별시_광진구_ 흡연 구역 정보,https://www.data.go.kr/data/15040615/fileData.do,verified,공식 흡연장소 전용 데이터셋
중곡스크린골프,"서울특별시 광진구 능동로 409, 지1층 (중곡동)",37.5656080597832,127.083812284326,가상체험 체육시설업,서울,서울특별시_광진구_ 흡연 구역 정보,https://www.data.go.kr/data/15040615/fileData.do,verified,공식 흡연장소 전용 데이터셋
드림당구장,"서울특별시 광진구 면목로 161, 3층 (중곡동, 중곡빌딩)",37.5677094408244,127.082032319458,당구장업,서울,서울특별시_광진구_ 흡연 구역 정보,https://www.data.go.kr/data/15040615/fileData.do,verified,공식 흡연장소 전용 데이터셋
중곡당구장,"서울특별시 광진구 면목로 141, 지하1층 (중곡동)",37.5660142834174,127.081154714812,당구장업,서울,서울특별시_광진구_ 흡연 구역 정보,https://www.data.go.kr/data/15040615/fileData.do,verified,공식 흡연장소 전용 데이터셋
제이디 골프 연습장,서울특별시 광진구 면목로 192 (중곡동),37.5702773342245,127.083366204722,골프연습장업,서울,서울특별시_광진구_ 흡연 구역 정보,https://www.data.go.kr/data/15040615/fileData.do,verified,공식 흡연장소 전용 데이터셋
이글스크린골프,"서울특별시 광진구 면목로 161, 5층 (중곡동, 중곡빌딩)",37.5677094408244,127.082032319458,골프연습장업,서울,서울특별시_광진구_ 흡연 구역 정보,https://www.data.go.kr/data/15040615/fileData.do,verified,공식 흡연장소 전용 데이터셋
스마일 당구장,"서울특별시 광진구 천호대로109길 10, 2층 (중곡동)",37.5572889808022,127.081100546588,당구장업,서울,서울특별시_광진구_ 흡연 구역 정보,https://www.data.go.kr/data/15040615/fileData.do,verified,공식 흡연장소 전용 데이터셋
브라보 캐롬클럽 군자,"서울특별시 광진구 능동로 314, 공영빌딩 지하1층 (중곡동)",37.5576188388403,127.080039873331,당구장업,서울,서울특별시_광진구_ 흡연 구역 정보,https://www.data.go.kr/data/15040615/fileData.do,verified,공식 흡연장소 전용 데이터셋
용마당구장,"서울특별시 광진구 긴고랑로 57, 지하층 (중곡동)",37.5622974209787,127.082817425937,당구장업,서울,서울특별시_광진구_ 흡연 구역 정보,https://www.data.go.kr/data/15040615/fileData.do,verified,공식 흡연장소 전용 데이터셋
누비 포켓 클럽,"서울특별시 광진구 천호대로 591, 지하 1층 (중곡동)",37.5558688836889,127.083732792092,당구장업,서울,서울특별시_광진구_ 흡연 구역 정보,https://www.data.go.kr/data/15040615/fileData.do,verified,공식 흡연장소 전용 데이터셋
제우스 당구장,"서울특별시 광진구 능동로 378, 지층 (중곡동)",37.5629260821753,127.082894408283,당구장업,서울,서울특별시_광진구_ 흡연 구역 정보,https://www.data.go.kr/data/15040615/fileData.do,verified,공식 흡연장소 전용 데이터셋
자양CAROM,"서울특별시 광진구 자양로 88, 광영빌딩 6층 (자양동)",37.5356309495388,127.084320454405,당구장업,서울,서울특별시_광진구_ 흡연 구역 정보,https://www.data.go.kr/data/15040615/fileData.do,verified,공식 흡연장소 전용 데이터셋
조이클럽,"서울특별시 광진구 자양로15길 46, 지층 (자양동)",37.5354748686688,127.081144577045,당구장업,서울,서울특별시_광진구_ 흡연 구역 정보,https://www.data.go.kr/data/15040615/fileData.do,verified,공식 흡연장소 전용 데이터셋
별당구클럽,서울특별시 광진구 자양로13길 73-1 (자양동),37.5332907440573,127.080895000075,당구장업,서울,서울특별시_광진구_ 흡연 구역 정보,https://www.data.go.kr/data/15040615/fileData.do,verified,공식 흡연장소 전용 데이터셋
닉스당구장,"서울특별시 광진구 뚝섬로 621, 3층 (자양동)",37.5324151513492,127.078762411532,당구장업,서울,서울특별시_광진구_ 흡연 구역 정보,https://www.data.go.kr/data/15040615/fileData.do,verified,공식 흡연장소 전용 데이터셋
미소당구장,서울특별시 광진구 뚝섬로 627 (자양동),37.5322725421014,127.079406471068,당구장업,서울,서울특별시_광진구_ 흡연 구역 정보,https://www.data.go.kr/data/15040615/fileData.do,verified,공식 흡연장소 전용 데이터셋
공감 당구장,서울특별시 광진구 아차산로 291 (자양동),37.5387426056997,127.075453148864,당구장업,서울,서울특별시_광진구_ 흡연 구역 정보,https://www.data.go.kr/data/15040615/fileData.do,verified,공식 흡연장소 전용 데이터셋
스포츠 당구장,"서울특별시 광진구 아차산로 358, 지하1층 (자양동)",37.5365373646391,127.082393375415,당구장업,서울,서울특별시_광진구_ 흡연 구역 정보,https://www.data.go.kr/data/15040615/fileData.do,verified,공식 흡연장소 전용 데이터셋
우리 당구장,"서울특별시 광진구 자양로11길 12, 지층 (자양동)",37.5347695894767,127.083309917876,당구장업,서울,서울특별시_광진구_ 흡연 구역 정보,https://www.data.go.kr/data/15040615/fileData.do,verified,공식 흡연장소 전용 데이터셋
히트당구장,"서울특별시 광진구 아차산로 353-1, 3층 (자양동)",37.537231499089,127.082258590482,당구장업,서울,서울특별시_광진구_ 흡연 구역 정보,https://www.data.go.kr/data/15040615/fileData.do,verified,공식 흡연장소 전용 데이터셋
OK스크린골프,"서울특별시 광진구 아차산로 353 (자양동, 금강태극빌)",37.5372444977042,127.08209431704,골프연습장업,서울,서울특별시_광진구_ 흡연 구역 정보,https://www.data.go.kr/data/15040615/fileData.do,verified,공식 흡연장소 전용 데이터셋
광나루 당구장,"서울특별시 광진구 아차산로73길 28, 지하1층 (광장동, 대광빌딩)",37.5464321522358,127.103447440584,당구장업,서울,서울특별시_광진구_ 흡연 구역 정보,https://www.data.go.kr/data/15040615/fileData.do,verified,공식 흡연장소 전용 데이터셋
은 당구클럽,"서울특별시 광진구 아차산로76길 5, 지하1층 (광장동)",37.5480148978373,127.107623723989,당구장업,서울,서울특별시_광진구_ 흡연 구역 정보,https://www.data.go.kr/data/15040615/fileData.do,verified,공식 흡연장소 전용 데이터셋
그린 당구장,"서울특별시 광진구 천호대로112길 19, 2층 (능동)",37.5551994736524,127.081368765479,당구장업,서울,서울특별시_광진구_ 흡연 구역 정보,https://www.data.go.kr/data/15040615/fileData.do,verified,공식 흡연장소 전용 데이터셋
프로 당구장,"서울특별시 광진구 능동로36길 30, 2층 2호 (능동)",37.5557178129746,127.080587072191,당구장업,서울,서울특별시_광진구_ 흡연 구역 정보,https://www.data.go.kr/data/15040615/fileData.do,verified,공식 흡연장소 전용 데이터셋
SBS당구장,"서울특별시 광진구 천호대로112길 7, 2층 (능동)",37.555651258038,127.081594698592,당구장업,서울,서울특별시_광진구_ 흡연 구역 정보,https://www.data.go.kr/data/15040615/fileData.do,verified,공식 흡연장소 전용 데이터셋
싱글골프연습장,"서울특별시 광진구 능동로34길 27, 지하1층 (능동, 원진빌딩)",37.5552556668064,127.081017990154,골프연습장업,서울,서울특별시_광진구_ 흡연 구역 정보,https://www.data.go.kr/data/15040615/fileData.do,verified,공식 흡연장소 전용 데이터셋
제다이 당구장,"서울특별시 광진구 아차산로51길 77, 지하1층 (구의동)",37.5404767907072,127.084959328759,당구장업,서울,서울특별시_광진구_ 흡연 구역 정보,https://www.data.go.kr/data/15040615/fileData.do,verified,공식 흡연장소 전용 데이터셋
라운지당구장,"서울특별시 광진구 아차산로 236, 지하1층 (자양동)",37.5399880131907,127.0693540366,당구장업,서울,서울특별시_광진구_ 흡연 구역 정보,https://www.data.go.kr/data/15040615/fileData.do,verified,공식 흡연장소 전용 데이터셋
아리랑 당구장,"서울특별시 광진구 동일로 78, 지하1층 (자양동)",37.5395413550956,127.062810651803,당구장업,서울,서울특별시_광진구_ 흡연 구역 정보,https://www.data.go.kr/data/15040615/fileData.do,verified,공식 흡연장소 전용 데이터셋
한성 당구장,"서울특별시 광진구 뚝섬로 476, 2층 (자양동)",37.5364806420847,127.063177388779,당구장업,서울,서울특별시_광진구_ 흡연 구역 정보,https://www.data.go.kr/data/15040615/fileData.do,verified,공식 흡연장소 전용 데이터셋
서광당구장,"서울특별시 광진구 뚝섬로 486, 2층 (자양동)",37.5362496677771,127.06426801833,당구장업,서울,서울특별시_광진구_ 흡연 구역 정보,https://www.data.go.kr/data/15040615/fileData.do,verified,공식 흡연장소 전용 데이터셋
석고당구장,서울특별시 광진구 동일로 88 (자양동),37.5404019046121,127.063308331095,당구장업,서울,서울특별시_광진구_ 흡연 구역 정보,https://www.data.go.kr/data/15040615/fileData.do,verified,공식 흡연장소 전용 데이터셋
이큐당구클럽,"서울특별시 광진구 능동로 91, 지층 (자양동)",37.5392693309745,127.070040410949,당구장업,서울,서울특별시_광진구_ 흡연 구역 정보,https://www.data.go.kr/data/15040615/fileData.do,verified,공식 흡연장소 전용 데이터셋
건대 포켓볼 락큐,"서울특별시 광진구 아차산로30길 18, 2층 (자양동)",37.540057255701,127.067407919488,당구장업,서울,서울특별시_광진구_ 흡연 구역 정보,https://www.data.go.kr/data/15040615/fileData.do,verified,공식 흡연장소 전용 데이터셋
코알라당구장,"서울특별시 광진구 뚝섬로 498 (자양동, 서울클리닉빌딩)",37.5359282748102,127.065427693119,당구장업,서울,서울특별시_광진구_ 흡연 구역 정보,https://www.data.go.kr/data/15040615/fileData.do,verified,공식 흡연장소 전용 데이터셋
마스터스골프클럽(19타석),"서울특별시 광진구 능동로 49, 지층 (자양동, 영지빌딩)",37.5358145080981,127.068396709721,골프연습장업,서울,서울특별시_광진구_ 흡연 구역 정보,https://www.data.go.kr/data/15040615/fileData.do,verified,공식 흡연장소 전용 데이터셋
글로벌 당구장,"서울특별시 광진구 자양번영로 29, 3층 (자양동)",37.5322437692418,127.075186270265,당구장업,서울,서울특별시_광진구_ 흡연 구역 정보,https://www.data.go.kr/data/15040615/fileData.do,verified,공식 흡연장소 전용 데이터셋
허리우드(8대),"서울특별시 광진구 자양번영로 33 (자양동, 성보빌딩)",37.5326603213227,127.075297338259,당구장업,서울,서울특별시_광진구_ 흡연 구역 정보,https://www.data.go.kr/data/15040615/fileData.do,verified,공식 흡연장소 전용 데이터셋
신성당구클럽,"서울특별시 광진구 자양로 49, 3층 (자양동)",37.5321785020915,127.085189541528,당구장업,서울,서울특별시_광진구_ 흡연 구역 정보,https://www.data.go.kr/data/15040615/fileData.do,verified,공식 흡연장소 전용 데이터셋
웰플러스,"서울특별시 광진구 자양로5길 33 (자양동, 와이엠프라젠스파)",37.530921726612,127.084141036038,체력단련장업,서울,서울특별시_광진구_ 흡연 구역 정보,https://www.data.go.kr/data/15040615/fileData.do,verified,공식 흡연장소 전용 데이터셋
웰플러스 짐 골프연습장,"서울특별시 광진구 자양로5길 33, 지하1층 (자양동, 와이엠프라젠스파)",37.530921726612,127.084141036038,골프연습장업,서울,서울특별시_광진구_ 흡연 구역 정보,https://www.data.go.kr/data/15040615/fileData.do,verified,공식 흡연장소 전용 데이터셋
행운 당구장,"서울특별시 광진구 자양로13길 48, 지하층 (자양동)",37.5343380700064,127.081676467717,당구장업,서울,서울특별시_광진구_ 흡연 구역 정보,https://www.data.go.kr/data/15040615/fileData.do,verified,공식 흡연장소 전용 데이터셋
플러스 당구 클럽,"서울특별시 광진구 아차산로 473, 5층 (구의동)",37.5405187287016,127.094283451142,당구장업,서울,서울특별시_광진구_ 흡연 구역 정보,https://www.data.go.kr/data/15040615/fileData.do,verified,공식 흡연장소 전용 데이터셋
로얄당구장,"서울특별시 광진구 구의강변로 35, 삼진빌딩 지하1층 (구의동)",37.5339461365711,127.091388161972,당구장업,서울,서울특별시_광진구_ 흡연 구역 정보,https://www.data.go.kr/data/15040615/fileData.do,verified,공식 흡연장소 전용 데이터셋
테크노당구장,"서울특별시 광진구 광나루로56길 63 (구의동, 지하1층 101호,102호,103호)",37.5367887874337,127.096160584389,당구장업,서울,서울특별시_광진구_ 흡연 구역 정보,https://www.data.go.kr/data/15040615/fileData.do,verified,공식 흡연장소 전용 데이터셋
쉐르빌골프존,"서울특별시 광진구 구의강변로 106, 101동 지층 115-118호 (구의동, 구의동삼성쉐르빌)",37.53985699394,127.09489656845,골프연습장업,서울,서울특별시_광진구_ 흡연 구역 정보,https://www.data.go.kr/data/15040615/fileData.do,verified,공식 흡연장소 전용 데이터셋
골프앤,"서울특별시 광진구 구의강변로 45, 4층 (구의동, 구의동 복합빌딩)",37.5348853120226,127.09130727989,골프연습장업,서울,서울특별시_광진구_ 흡연 구역 정보,https://www.data.go.kr/data/15040615/fileData.do,verified,공식 흡연장소 전용 데이터셋
Y·N 스크린골프클럽,"서울특별시 광진구 아차산로 444, 지하1층 (구의동)",37.5385374792914,127.091935742903,골프연습장업,서울,서울특별시_광진구_ 흡연 구역 정보,https://www.data.go.kr/data/15040615/fileData.do,verified,공식 흡연장소 전용 데이터셋
프라임당구클럽,"서울특별시 광진구 천호대로 677 (구의동, 세진빌딩)",37.5508119206633,127.0907165125,당구장업,서울,서울특별시_광진구_ 흡연 구역 정보,https://www.data.go.kr/data/15040615/fileData.do,verified,공식 흡연장소 전용 데이터셋
아차산스크린(스크린 5타석),"서울특별시 광진구 천호대로 676, 지하1층 (구의동)",37.5505911469287,127.08993019403,골프연습장업,서울,서울특별시_광진구_ 흡연 구역 정보,https://www.data.go.kr/data/15040615/fileData.do,verified,공식 흡연장소 전용 데이터셋
뉴메트로골프,"서울특별시 광진구 아차산로 373, 지하1층 (구의동)",37.5370119376395,127.084032696421,가상체험 체육시설업,서울,서울특별시_광진구_ 흡연 구역 정보,https://www.data.go.kr/data/15040615/fileData.do,verified,공식 흡연장소 전용 데이터셋
프로당구클럽,"서울특별시 광진구 아차산로51길 39, 3층 (구의동)",37.5387928458995,127.084800821084,당구장업,서울,서울특별시_광진구_ 흡연 구역 정보,https://www.data.go.kr/data/15040615/fileData.do,verified,공식 흡연장소 전용 데이터셋
킹스 빌리어즈 클럽,"서울특별시 광진구 아차산로 401, 3층 (구의동)",37.5376420127236,127.087255021231,당구장업,서울,서울특별시_광진구_ 흡연 구역 정보,https://www.data.go.kr/data/15040615/fileData.do,verified,공식 흡연장소 전용 데이터셋
도깨비 당구장,"서울특별시 광진구 구의로 25, 지층 (구의동, 석천빌딩)",37.54026488422,127.089461681115,당구장업,서울,서울특별시_광진구_ 흡연 구역 정보,https://www.data.go.kr/data/15040615/fileData.do,verified,공식 흡연장소 전용 데이터셋
에이스 당구클럽,"서울특별시 광진구 자양로22길 24, 2층 (구의동, 상우빌딩)",37.5394964725263,127.084750927093,당구장업,서울,서울특별시_광진구_ 흡연 구역 정보,https://www.data.go.kr/data/15040615/fileData.do,verified,공식 흡연장소 전용 데이터셋
썬 당구장,"서울특별시 광진구 아차산로57길 4, 3층 (구의동)",37.5387078203852,127.088325964529,당구장업,서울,서울특별시_광진구_ 흡연 구역 정보,https://www.data.go.kr/data/15040615/fileData.do,verified,공식 흡연장소 전용 데이터셋
킹콩당구장,"서울특별시 광진구 구의로 3, 지층 (구의동, 쌍용빌딩)",37.5382813035054,127.088904323403,당구장업,서울,서울특별시_광진구_ 흡연 구역 정보,https://www.data.go.kr/data/15040615/fileData.do,verified,공식 흡연장소 전용 데이터셋
아담당구장,"서울특별시 광진구 자양로18길 33, 지층 (구의동)",37.5379950453599,127.085377532762,당구장업,서울,서울특별시_광진구_ 흡연 구역 정보,https://www.data.go.kr/data/15040615/fileData.do,verified,공식 흡연장소 전용 데이터셋
리그 PC 카페,"서울특별시 광진구 구의로 4, 2층 (구의동)",37.538350750252,127.089289559874,게임제공업,서울,서울특별시_광진구_ 흡연 구역 정보,https://www.data.go.kr/data/15040615/fileData.do,verified,공식 흡연장소 전용 데이터셋
사이버리아 PC,"서울특별시 광진구 광나루로56길 29, 현대프라임아파트 4층 410, 411호",37.5369576884242,127.096536670188,게임제공업,서울,서울특별시_광진구_ 흡연 구역 정보,https://www.data.go.kr/data/15040615/fileData.do,verified,공식 흡연장소 전용 데이터셋
쓰리팝PC방,"서울특별시 광진구 광나루로 614 (구의동,지하1층)",37.5407914746361,127.09583385236,게임제공업,서울,서울특별시_광진구_ 흡연 구역 정보,https://www.data.go.kr/data/15040615/fileData.do,verified,공식 흡연장소 전용 데이터셋
제로백PC 아차산역점,"서울특별시 광진구 자양로 278, 대운빌딩 지하2층 (구의동)",37.5506056415504,127.091469948053,게임제공업,서울,서울특별시_광진구_ 흡연 구역 정보,https://www.data.go.kr/data/15040615/fileData.do,verified,공식 흡연장소 전용 데이터셋
TEN PC,"서울특별시 광진구 자양로 277, 지층 (구의동)",37.5508051349791,127.091104212028,게임제공업,서울,서울특별시_광진구_ 흡연 구역 정보,https://www.data.go.kr/data/15040615/fileData.do,verified,공식 흡연장소 전용 데이터셋
PC슬롯게임장,"서울특별시 광진구 자양로18길 20, 2층 (구의동)",37.5375539498919,127.084578782858,게임제공업,서울,서울특별시_광진구_ 흡연 구역 정보,https://www.data.go.kr/data/15040615/fileData.do,verified,공식 흡연장소 전용 데이터셋
엔탑피시방,"서울특별시 광진구 자양로22길 24 (구의동, 상우빌딩)",37.5394964725263,127.084750927093,게임제공업,서울,서울특별시_광진구_ 흡연 구역 정보,https://www.data.go.kr/data/15040615/fileData.do,verified,공식 흡연장소 전용 데이터셋
아이넷 폴리스,"서울특별시 광진구 아차산로51길 62, 2층 (구의동)",37.5397413502913,127.085021066015,게임제공업,서울,서울특별시_광진구_ 흡연 구역 정보,https://www.data.go.kr/data/15040615/fileData.do,verified,공식 흡연장소 전용 데이터셋
에코스PC방 구의점,"서울특별시 광진구 아차산로 377, 지하1층 (구의동)",37.537235766975,127.084759909345,게임제공업,서울,서울특별시_광진구_ 흡연 구역 정보,https://www.data.go.kr/data/15040615/fileData.do,verified,공식 흡연장소 전용 데이터셋
퀸당구장,서울특별시 광진구 아차산로 610 (광장동),37.5471967709434,127.106553291041,당구장업,서울,서울특별시_광진구_ 흡연 구역 정보,https://www.data.go.kr/data/15040615/fileData.do,verified,공식 흡연장소 전용 데이터셋
현 당구클럽,"서울특별시 광진구 용마산로 28, 2층 (중곡동)",37.5562187625259,127.088400160122,당구장업,서울,서울특별시_광진구_ 흡연 구역 정보,https://www.data.go.kr/data/15040615/fileData.do,verified,공식 흡연장소 전용 데이터셋
필 빌리어드 클럽,"서울특별시 광진구 용마산로 16, 창성빌딩 4층 (중곡동)",37.5550506355341,127.088619127555,당구장업,서울,서울특별시_광진구_ 흡연 구역 정보,https://www.data.go.kr/data/15040615/fileData.do,verified,공식 흡연장소 전용 데이터셋
나인 당구장,"서울특별시 광진구 면목로 191, 2층 (중곡동)",37.5703222323631,127.083070021274,당구장업,서울,서울특별시_광진구_ 흡연 구역 정보,https://www.data.go.kr/data/15040615/fileData.do,verified,공식 흡연장소 전용 데이터셋
강변 당구장,"서울특별시 광진구 강변역로4길 10, 강변역지너스타워 지하1층 9,10호 (구의동)",37.5353492183772,127.093405063055,당구장업,서울,서울특별시_광진구_ 흡연 구역 정보,https://www.data.go.kr/data/15040615/fileData.do,verified,공식 흡연장소 전용 데이터셋
일번지 당구장,"서울특별시 광진구 구의로 70 (구의동, 영덕빌딩 2층 201호)",37.5441663569858,127.090688430683,당구장업,서울,서울특별시_광진구_ 흡연 구역 정보,https://www.data.go.kr/data/15040615/fileData.do,verified,공식 흡연장소 전용 데이터셋
Carom Cafe,"서울특별시 광진구 아차산로 444, 지층 103호 (구의동, 와이엔 오피스텔)",37.5385374792914,127.091935742903,당구장업,서울,서울특별시_광진구_ 흡연 구역 정보,https://www.data.go.kr/data/15040615/fileData.do,verified,공식 흡연장소 전용 데이터셋
PC 마루,서울특별시 광진구 긴고랑로 52 (중곡동),37.5622540880687,127.081906136613,게임제공업,서울,서울특별시_광진구_ 흡연 구역 정보,https://www.data.go.kr/data/15040615/fileData.do,verified,공식 흡연장소 전용 데이터셋
5번 출구 피씨방,"서울특별시 광진구 아차산로 244, 지하1층 (자양동)",37.5397305477366,127.070200722719,게임제공업,서울,서울특별시_광진구_ 흡연 구역 정보,https://www.data.go.kr/data/15040615/fileData.do,verified,공식 흡연장소 전용 데이터셋
제우스PC,"서울특별시 광진구 뚝섬로24길 3, 지하층 (자양동)",37.5362819194909,127.06377699944,게임제공업,서울,서울특별시_광진구_ 흡연 구역 정보,https://www.data.go.kr/data/15040615/fileData.do,verified,공식 흡연장소 전용 데이터셋
피씨앤쿡,서울특별시 광진구 뚝섬로 503 (자양동),37.5360837271218,127.066021835302,게임제공업,서울,서울특별시_광진구_ 흡연 구역 정보,https://www.data.go.kr/data/15040615/fileData.do,verified,공식 흡연장소 전용 데이터셋
쓰리팝PC방,"서울특별시 광진구 아차산로 288, 지층 (자양동, 대흥빌딩)",37.5383893084634,127.074910816116,게임제공업,서울,서울특별시_광진구_ 흡연 구역 정보,https://www.data.go.kr/data/15040615/fileData.do,verified,공식 흡연장소 전용 데이터셋
피에스타PC방,"서울특별시 광진구 자양번영로 20 (자양동,자양빌딩 2층)",37.5313918517588,127.075360551131,게임제공업,서울,서울특별시_광진구_ 흡연 구역 정보,https://www.data.go.kr/data/15040615/fileData.do,verified,공식 흡연장소 전용 데이터셋
비원PC,서울특별시 광진구 자양로15길 18 (자양동),37.535821774302,127.082545105767,게임제공업,서울,서울특별시_광진구_ 흡연 구역 정보,https://www.data.go.kr/data/15040615/fileData.do,verified,공식 흡연장소 전용 데이터셋
제닉스 아레나 PC,서울특별시 광진구 자양로13길 99 (자양동),37.5326399259845,127.080138982121,게임제공업,서울,서울특별시_광진구_ 흡연 구역 정보,https://www.data.go.kr/data/15040615/fileData.do,verified,공식 흡연장소 전용 데이터셋
맵스 PC방,"서울특별시 광진구 뚝섬로 613, 우양빌딩 지하1층 (자양동)",37.532708250351,127.077942462278,게임제공업,서울,서울특별시_광진구_ 흡연 구역 정보,https://www.data.go.kr/data/15040615/fileData.do,verified,공식 흡연장소 전용 데이터셋
군자역 리그 PC,"서울특별시 광진구 천호대로 562, 쥬얼테크 지하1층 (능동)",37.5564876030566,127.080354987218,게임제공업,서울,서울특별시_광진구_ 흡연 구역 정보,https://www.data.go.kr/data/15040615/fileData.do,verified,공식 흡연장소 전용 데이터셋
엔탑PC방,"서울특별시 광진구 능동로 290 (능동, 삼일빌딩)",37.5555832993412,127.078979184085,게임제공업,서울,서울특별시_광진구_ 흡연 구역 정보,https://www.data.go.kr/data/15040615/fileData.do,verified,공식 흡연장소 전용 데이터셋
인터월드PC방,"서울특별시 광진구 군자로 144, 지층 (군자동)",37.5543089012887,127.075438283864,게임제공업,서울,서울특별시_광진구_ 흡연 구역 정보,https://www.data.go.kr/data/15040615/fileData.do,verified,공식 흡연장소 전용 데이터셋
엔탑 PC방,"서울특별시 광진구 군자로 141, 2층 (군자동)",37.5543077590397,127.074826250644,게임제공업,서울,서울특별시_광진구_ 흡연 구역 정보,https://www.data.go.kr/data/15040615/fileData.do,verified,공식 흡연장소 전용 데이터셋
맥스피드PC 구의본점,"서울특별시 광진구 아차산로 473, 4층 (구의동)",37.5405187287016,127.094283451142,게임제공업,서울,서울특별시_광진구_ 흡연 구역 정보,https://www.data.go.kr/data/15040615/fileData.do,verified,공식 흡연장소 전용 데이터셋
블랙PC,"서울특별시 광진구 아차산로 471, CS PLAZA 지하1층 (구의동)",37.5404187841405,127.093974084703,게임제공업,서울,서울특별시_광진구_ 흡연 구역 정보,https://www.data.go.kr/data/15040615/fileData.do,verified,공식 흡연장소 전용 데이터셋
엔탑 PC방,"서울특별시 광진구 구의로 6, 신호빌딩 지하1층 (구의동)",37.5384927045864,127.089346755579,게임제공업,서울,서울특별시_광진구_ 흡연 구역 정보,https://www.data.go.kr/data/15040615/fileData.do,verified,공식 흡연장소 전용 데이터셋
제노 PC ZONE,"서울특별시 광진구 능동로16길 60, 3층 (화양동)",37.5452297113773,127.076295470745,게임제공업,서울,서울특별시_광진구_ 흡연 구역 정보,https://www.data.go.kr/data/15040615/fileData.do,verified,공식 흡연장소 전용 데이터셋
넥스트PC카페,"서울특별시 광진구 광나루로 392, 지하1층 (화양동)",37.547301943571,127.073123076689,게임제공업,서울,서울특별시_광진구_ 흡연 구역 정보,https://www.data.go.kr/data/15040615/fileData.do,verified,공식 흡연장소 전용 데이터셋
비원,"서울특별시 광진구 아차산로29길 41 (화양동,지하1층)",37.542733357585,127.068894797657,게임제공업,서울,서울특별시_광진구_ 흡연 구역 정보,https://www.data.go.kr/data/15040615/fileData.do,verified,공식 흡연장소 전용 데이터셋
비원 건대2호점,"서울특별시 광진구 아차산로 241, 연한빌딩 b1층 (화양동)",37.5405050771385,127.070150304742,게임제공업,서울,서울특별시_광진구_ 흡연 구역 정보,https://www.data.go.kr/data/15040615/fileData.do,verified,공식 흡연장소 전용 데이터셋
G PRO PC&CAFE,"서울특별시 광진구 광나루로 382, 지하1,2층 (화양동, 아스하임)",37.5474599984908,127.072065060154,게임제공업,서울,서울특별시_광진구_ 흡연 구역 정보,https://www.data.go.kr/data/15040615/fileData.do,verified,공식 흡연장소 전용 데이터셋
비원 PC방,"서울특별시 광진구 군자로 43, 아스하임 지하1층 (화양동)",37.5471665537169,127.070101890144,게임제공업,서울,서울특별시_광진구_ 흡연 구역 정보,https://www.data.go.kr/data/15040615/fileData.do,verified,공식 흡연장소 전용 데이터셋
오지구지리는PC방,"서울특별시 광진구 영화사로 62-1, 지하1층 (중곡동)",37.5549331445027,127.092955986673,게임제공업,서울,서울특별시_광진구_ 흡연 구역 정보,https://www.data.go.kr/data/15040615/fileData.do,verified,공식 흡연장소 전용 데이터셋
1%PC아레나,"서울특별시 광진구 천호대로129길 29, 2층 (중곡동)",37.5531645632465,127.091123493697,게임제공업,서울,서울특별시_광진구_ 흡연 구역 정보,https://www.data.go.kr/data/15040615/fileData.do,verified,공식 흡연장소 전용 데이터셋
아레나피씨,서울특별시 광진구 면목로 203 (중곡동),37.5712175286905,127.083229831295,게임제공업,서울,서울특별시_광진구_ 흡연 구역 정보,https://www.data.go.kr/data/15040615/fileData.do,verified,공식 흡연장소 전용 데이터셋
고릴라 세븐PC방 중곡점,"서울특별시 광진구 면목로 192 (중곡동,2층)",37.5702773342245,127.083366204722,게임제공업,서울,서울특별시_광진구_ 흡연 구역 정보,https://www.data.go.kr/data/15040615/fileData.do,verified,공식 흡연장소 전용 데이터셋
티라미수,"서울특별시 광진구 면목로 164 (중곡동,2층)",37.5677237613952,127.082427940853,게임제공업,서울,서울특별시_광진구_ 흡연 구역 정보,https://www.data.go.kr/data/15040615/fileData.do,verified,공식 흡연장소 전용 데이터셋
아센,"서울특별시 광진구 면목로 161 (중곡동,지하1층)",37.5677094408244,127.082032319458,게임제공업,서울,서울특별시_광진구_ 흡연 구역 정보,https://www.data.go.kr/data/15040615/fileData.do,verified,공식 흡연장소 전용 데이터셋
쇼타임 PC방 (중곡점),"서울특별시 광진구 용마산로 37, 지층 (중곡동, 이안빌딩)",37.557021695282,127.087723525693,게임제공업,서울,서울특별시_광진구_ 흡연 구역 정보,https://www.data.go.kr/data/15040615/fileData.do,verified,공식 흡연장소 전용 데이터셋
나인 PC방,"서울특별시 광진구 능동로 372, 지하1층 (중곡동)",37.5624218704524,127.082657634876,게임제공업,서울,서울특별시_광진구_ 흡연 구역 정보,https://www.data.go.kr/data/15040615/fileData.do,verified,공식 흡연장소 전용 데이터셋
세븐PC,"서울특별시 광진구 능동로37길 6, 지하1층 (중곡동)",37.5581946088201,127.079591400938,게임제공업,서울,서울특별시_광진구_ 흡연 구역 정보,https://www.data.go.kr/data/15040615/fileData.do,verified,공식 흡연장소 전용 데이터셋
루미너스PC방,"서울특별시 광진구 능동로 373, 3층 (중곡동)",37.5627301037268,127.082267149875,게임제공업,서울,서울특별시_광진구_ 흡연 구역 정보,https://www.data.go.kr/data/15040615/fileData.do,verified,공식 흡연장소 전용 데이터셋
서울정형외과,서울특별시 중랑구 망우로 418,37.5991424639912,127.098647907545,,서울,서울특별시_중랑구_ 흡연 시설,https://www.data.go.kr/data/15040636/fileData.do,verified,공식 흡연장소 전용 데이터셋
녹색병원,서울특별시 중랑구 사가정로49길 53,37.5835639827081,127.086060385744,,서울,서울특별시_중랑구_ 흡연 시설,https://www.data.go.kr/data/15040636/fileData.do,verified,공식 흡연장소 전용 데이터셋
서울의료원,서울특별시 중랑구 신내로 156,37.6130913124974,127.099186989431,,서울,서울특별시_중랑구_ 흡연 시설,https://www.data.go.kr/data/15040636/fileData.do,verified,공식 흡연장소 전용 데이터셋
상봉파출소,서울특별시 중랑구 중랑천로 69(면목동),37.5913260054733,127.072850562231,,서울,서울특별시_중랑구_ 흡연 시설,https://www.data.go.kr/data/15040636/fileData.do,verified,공식 흡연장소 전용 데이터셋
지방자치단체 청사,서울특별시 중랑구 봉화산로 179(신내동),37.6065635856848,127.09272484193,,서울,서울특별시_중랑구_ 흡연 시설,https://www.data.go.kr/data/15040636/fileData.do,verified,공식 흡연장소 전용 데이터셋
범계역 8번출구,경기도 안양시 동안구 시민대로 180,37.389614,126.949816,안양시 동안구,경기,경기도 안양시_ 흡연 구역 현황,https://www.data.go.kr/data/15060926/fileData.do,verified,공식 흡연장소 전용 데이터셋
범계역 2번출구,경기도 안양시 동안구 동안로 128,37.390085,126.395168,안양시 동안구,경기,경기도 안양시_ 흡연 구역 현황,https://www.data.go.kr/data/15060926/fileData.do,verified,공식 흡연장소 전용 데이터셋
안양종합운동장,경기도 안양시 동안구 평촌대로 389,37.405141,126.947799,안양시 동안구,경기,경기도 안양시_ 흡연 구역 현황,https://www.data.go.kr/data/15060926/fileData.do,verified,공식 흡연장소 전용 데이터셋
KT동안지사,경기도 안양시 동안구 평촌대로 243번길,37.39324,126.954521,안양시 동안구,경기,경기도 안양시_ 흡연 구역 현황,https://www.data.go.kr/data/15060926/fileData.do,verified,공식 흡연장소 전용 데이터셋
농수산물 도매시장,경기도 안양시 동안구 흥안대로 313,37.382564,126.969848,안양시 동안구,경기,경기도 안양시_ 흡연 구역 현황,https://www.data.go.kr/data/15060926/fileData.do,verified,공식 흡연장소 전용 데이터셋
평촌역 2번출구,경기도 안양시 동안구 평촌대로 243번길,37.394419,126.963394,안양시 동안구,경기,경기도 안양시_ 흡연 구역 현황,https://www.data.go.kr/data/15060926/fileData.do,verified,공식 흡연장소 전용 데이터셋
안양역 흡연부스,경기도 안양시 만안구 만안로 232,37.400856,126.923099,안양시 만안구,경기,경기도 안양시_ 흡연 구역 현황,https://www.data.go.kr/data/15060926/fileData.do,verified,공식 흡연장소 전용 데이터셋
동서울터미널 앞 전면보도,강변역로50,37.5345385101597,127.094184050922,,서울,서울특별시_광진구_ 흡연 구역 정보,https://www.data.go.kr/data/15040615/fileData.do,verified,공식 흡연장소 전용 데이터셋
만화카페 라이브러리,아차산로 370(자양동 216-21),37.5364473570775,127.084052089481,만화대여업소,서울,서울특별시_광진구_ 흡연 구역 정보,https://www.data.go.kr/data/15040615/fileData.do,verified,공식 흡연장소 전용 데이터셋
놀숲 건대점,아차산로 224(자양동 7-25),37.5405711604806,127.068080611331,만화대여업소,서울,서울특별시_광진구_ 흡연 구역 정보,https://www.data.go.kr/data/15040615/fileData.do,verified,공식 흡연장소 전용 데이터셋
포포PC방 건대점,"서울특별시 광진구 아차산로 229 (화양동, 지하1층)",37.540809126931,127.068990676571,게임제공업,서울,서울특별시_광진구_ 흡연 구역 정보,https://www.data.go.kr/data/15040615/fileData.do,verified,공식 흡연장소 전용 데이터셋
메트로PC방,서울특별시 중랑구  중화동 314-1번지 지하1층,37.5992798892602,127.077484271471,,서울,서울특별시_중랑구_ 흡연 시설,https://www.data.go.kr/data/15040636/fileData.do,verified,공식 흡연장소 전용 데이터셋
집피씨클럽,서울특별시 중랑구  망우동 147-21번지 지상2층,37.6010572912878,127.104970152534,,서울,서울특별시_중랑구_ 흡연 시설,https://www.data.go.kr/data/15040636/fileData.do,verified,공식 흡연장소 전용 데이터셋
스타포스PC방,서울특별시 중랑구  상봉동 115-20번지,37.5954441891529,127.083050381731,,서울,서울특별시_중랑구_ 흡연 시설,https://www.data.go.kr/data/15040636/fileData.do,verified,공식 흡연장소 전용 데이터셋
i7 PC방,서울특별시 중랑구  면목동 665-3번지,37.5782000340161,127.085029908004,,서울,서울특별시_중랑구_ 흡연 시설,https://www.data.go.kr/data/15040636/fileData.do,verified,공식 흡연장소 전용 데이터셋
매직엔PC방,서울특별시 중랑구  중화동 316-1번지 지하1층,37.5981325684848,127.076654972533,,서울,서울특별시_중랑구_ 흡연 시설,https://www.data.go.kr/data/15040636/fileData.do,verified,공식 흡연장소 전용 데이터셋
푸른공간,서울특별시 중랑구  면목동 176-11번지 1층,37.5869232965878,127.078488072202,,서울,서울특별시_중랑구_ 흡연 시설,https://www.data.go.kr/data/15040636/fileData.do,verified,공식 흡연장소 전용 데이터셋
사이버캡틴PC방,서울특별시 중랑구  면목동 359-15번지 지하1층,37.587055578211,127.088165563854,,서울,서울특별시_중랑구_ 흡연 시설,https://www.data.go.kr/data/15040636/fileData.do,verified,공식 흡연장소 전용 데이터셋
하이마트,서울특별시 중랑구 망우로 399,37.5993004342889,127.096545481223,,서울,서울특별시_중랑구_ 흡연 시설,https://www.data.go.kr/data/15040636/fileData.do,verified,공식 흡연장소 전용 데이터셋
이노씨티,서울특별시 중랑구 망우로 353,37.5983328190955,127.091624142481,,서울,서울특별시_중랑구_ 흡연 시설,https://www.data.go.kr/data/15040636/fileData.do,verified,공식 흡연장소 전용 데이터셋
서일대,서울특별시 중랑구 용마산로90길 28,37.5860827979004,127.097203310115,,서울,서울특별시_중랑구_ 흡연 시설,https://www.data.go.kr/data/15040636/fileData.do,verified,공식 흡연장소 전용 데이터셋
대상빌딩,서울특별시 중랑구 면목로 470,37.5936657384384,127.086662178362,,서울,서울특별시_중랑구_ 흡연 시설,https://www.data.go.kr/data/15040636/fileData.do,verified,공식 흡연장소 전용 데이터셋
서울우유,서울특별시 중랑구 중랑천로 71,37.5920798331674,127.07246382813,,서울,서울특별시_중랑구_ 흡연 시설,https://www.data.go.kr/data/15040636/fileData.do,verified,공식 흡연장소 전용 데이터셋
한국전력,서울특별시 중랑구 동일로 862,37.6074688115758,127.079242963469,,서울,서울특별시_중랑구_ 흡연 시설,https://www.data.go.kr/data/15040636/fileData.do,verified,공식 흡연장소 전용 데이터셋
서울시체육회,서울특별시 중랑구 망우로 182(상봉동),37.5927002602785,127.073041788069,,서울,서울특별시_중랑구_ 흡연 시설,https://www.data.go.kr/data/15040636/fileData.do,verified,공식 흡연장소 전용 데이터셋
위너스병원,서울특별시 중랑구 망우로 403,37.5994577479171,127.096874533303,,서울,서울특별시_중랑구_ 흡연 시설,https://www.data.go.kr/data/15040636/fileData.do,verified,공식 흡연장소 전용 데이터셋
행운PC방,서울특별시 중랑구  신내동 494-5번지 지하1층,37.6003303509781,127.098406799905,,서울,서울특별시_중랑구_ 흡연 시설,https://www.data.go.kr/data/15040636/fileData.do,verified,공식 흡연장소 전용 데이터셋
아이세븐PC(i7 PC),서울특별시 중랑구  면목동 661-4번지 지하1층,37.5784069756536,127.085177993068,,서울,서울특별시_중랑구_ 흡연 시설,https://www.data.go.kr/data/15040636/fileData.do,verified,공식 흡연장소 전용 데이터셋
오즈아레나,서울특별시 중랑구  망우동 572번지 용마프라자 지하001호,37.5963293309276,127.098826728813,,서울,서울특별시_중랑구_ 흡연 시설,https://www.data.go.kr/data/15040636/fileData.do,verified,공식 흡연장소 전용 데이터셋
블랙PC,서울특별시 중랑구  면목동 103-6번지,37.5891537351856,127.089935697107,,서울,서울특별시_중랑구_ 흡연 시설,https://www.data.go.kr/data/15040636/fileData.do,verified,공식 흡연장소 전용 데이터셋
스마트PC방,서울특별시 중랑구  중화동 311-7번지,37.6020210137217,127.077421772621,,서울,서울특별시_중랑구_ 흡연 시설,https://www.data.go.kr/data/15040636/fileData.do,verified,공식 흡연장소 전용 데이터셋
윈 플러스PC방,서울특별시 중랑구  신내동 587-4번지 지상3층,37.6056133933075,127.096775834903,,서울,서울특별시_중랑구_ 흡연 시설,https://www.data.go.kr/data/15040636/fileData.do,verified,공식 흡연장소 전용 데이터셋
망고 PC방,서울특별시 중랑구  중화동 307-63번지 지상3층,37.6042162100256,127.077522572684,,서울,서울특별시_중랑구_ 흡연 시설,https://www.data.go.kr/data/15040636/fileData.do,verified,공식 흡연장소 전용 데이터셋
사이버스페이스,서울특별시 중랑구  상봉동 113-4번지 지하1층,37.5947614284225,127.085682739391,,서울,서울특별시_중랑구_ 흡연 시설,https://www.data.go.kr/data/15040636/fileData.do,verified,공식 흡연장소 전용 데이터셋
레드죤피시방,서울특별시 중랑구  상봉동 88-95번지,37.5950155532069,127.089625471866,,서울,서울특별시_중랑구_ 흡연 시설,https://www.data.go.kr/data/15040636/fileData.do,verified,공식 흡연장소 전용 데이터셋
푸른공간,서울특별시 중랑구  중화동 311-10번지 지하1층,37.6020210137217,127.077421772621,,서울,서울특별시_중랑구_ 흡연 시설,https://www.data.go.kr/data/15040636/fileData.do,verified,공식 흡연장소 전용 데이터셋
일프로PC방,"서울특별시 중랑구  면목동 103-5번지 지상2,3층",37.5892527820235,127.090371164446,,서울,서울특별시_중랑구_ 흡연 시설,https://www.data.go.kr/data/15040636/fileData.do,verified,공식 흡연장소 전용 데이터셋
제우스 PC방,서울특별시 중랑구  면목동 458-76번지 지상3층,37.5824242570803,127.088816517585,,서울,서울특별시_중랑구_ 흡연 시설,https://www.data.go.kr/data/15040636/fileData.do,verified,공식 흡연장소 전용 데이터셋
WAAPC방,서울특별시 중랑구  면목동 399-36번지 지상2층,37.5715718189884,127.082689819626,,서울,서울특별시_중랑구_ 흡연 시설,https://www.data.go.kr/data/15040636/fileData.do,verified,공식 흡연장소 전용 데이터셋
누리터PC방,서울특별시 중랑구  신내동 454-4번지 지상3층,37.6055916172096,127.097071047471,,서울,서울특별시_중랑구_ 흡연 시설,https://www.data.go.kr/data/15040636/fileData.do,verified,공식 흡연장소 전용 데이터셋
스피드넷PC방,서울특별시 중랑구  묵동 244-140번지 지상3층,37.60967756744,127.076680976853,,서울,서울특별시_중랑구_ 흡연 시설,https://www.data.go.kr/data/15040636/fileData.do,verified,공식 흡연장소 전용 데이터셋
하이넷PC,서울특별시 중랑구  망우동 487-17번지 지하1층,37.600307891278,127.100150345587,,서울,서울특별시_중랑구_ 흡연 시설,https://www.data.go.kr/data/15040636/fileData.do,verified,공식 흡연장소 전용 데이터셋
맥스피드PC방,서울특별시 중랑구  면목동 51-19번지 지상2층,37.5876782232743,127.096498199559,,서울,서울특별시_중랑구_ 흡연 시설,https://www.data.go.kr/data/15040636/fileData.do,verified,공식 흡연장소 전용 데이터셋
엔탑PC존,서울특별시 중랑구  중화동 307-1번지 1층 17회외22,37.6049604270457,127.077660601943,,서울,서울특별시_중랑구_ 흡연 시설,https://www.data.go.kr/data/15040636/fileData.do,verified,공식 흡연장소 전용 데이터셋
로즈PC방,서울특별시 중랑구  상봉동 118번지 외2,37.5953461582571,127.082669694226,,서울,서울특별시_중랑구_ 흡연 시설,https://www.data.go.kr/data/15040636/fileData.do,verified,공식 흡연장소 전용 데이터셋
현PC,서울특별시 중랑구  면목동 148-31번지,37.5874667393003,127.08276185967,,서울,서울특별시_중랑구_ 흡연 시설,https://www.data.go.kr/data/15040636/fileData.do,verified,공식 흡연장소 전용 데이터셋
맥스피드PC방,서울특별시 중랑구  면목동 458-49번지 지하1층,37.5823219125691,127.089758449635,,서울,서울특별시_중랑구_ 흡연 시설,https://www.data.go.kr/data/15040636/fileData.do,verified,공식 흡연장소 전용 데이터셋
상봉PC방,서울특별시 중랑구  상봉동 84-22번지 2층,37.5941651224962,127.092525114297,,서울,서울특별시_중랑구_ 흡연 시설,https://www.data.go.kr/data/15040636/fileData.do,verified,공식 흡연장소 전용 데이터셋
에스엠(SM)PC방,서울특별시 중랑구  상봉동 136-1번지 3층 4호,37.5931577592139,127.074093239945,,서울,서울특별시_중랑구_ 흡연 시설,https://www.data.go.kr/data/15040636/fileData.do,verified,공식 흡연장소 전용 데이터셋
PC데이(DAY),서울특별시 중랑구  면목동 117-17번지 2층,37.5878858887203,127.086274370103,,서울,서울특별시_중랑구_ 흡연 시설,https://www.data.go.kr/data/15040636/fileData.do,verified,공식 흡연장소 전용 데이터셋
제우스PC방,서울특별시 중랑구  면목동 103-6번지 2층,37.5891537351856,127.089935697107,,서울,서울특별시_중랑구_ 흡연 시설,https://www.data.go.kr/data/15040636/fileData.do,verified,공식 흡연장소 전용 데이터셋
페타PC방,서울특별시 중랑구  상봉동 122번지 2층,37.5937206858894,127.083301538217,,서울,서울특별시_중랑구_ 흡연 시설,https://www.data.go.kr/data/15040636/fileData.do,verified,공식 흡연장소 전용 데이터셋
아이센스PC방 망우점,"서울특별시 중랑구  망우동 479 한일써너스빌리젠시1단지 S1215, S1216 지상2층",37.5973351400052,127.093477736804,,서울,서울특별시_중랑구_ 흡연 시설,https://www.data.go.kr/data/15040636/fileData.do,verified,공식 흡연장소 전용 데이터셋
PC & 달인,서울특별시 중랑구  면목동 653-1번지 3층,37.5792591062973,127.085716368617,,서울,서울특별시_중랑구_ 흡연 시설,https://www.data.go.kr/data/15040636/fileData.do,verified,공식 흡연장소 전용 데이터셋
WAA PC방,서울특별시 중랑구  면목동 118-1번지 2층,37.5877976703616,127.086042841923,,서울,서울특별시_중랑구_ 흡연 시설,https://www.data.go.kr/data/15040636/fileData.do,verified,공식 흡연장소 전용 데이터셋
오즈PC방,서울특별시 중랑구  면목동 497-7번지 2층,37.5823616025165,127.088263279287,,서울,서울특별시_중랑구_ 흡연 시설,https://www.data.go.kr/data/15040636/fileData.do,verified,공식 흡연장소 전용 데이터셋
스마트PC방,서울특별시 중랑구  묵동 170-27번지 월등스카이뷰아파트 비101,37.6141897486016,127.077050994091,,서울,서울특별시_중랑구_ 흡연 시설,https://www.data.go.kr/data/15040636/fileData.do,verified,공식 흡연장소 전용 데이터셋
조은PC방,서울특별시 중랑구  면목동 102-2번지 지상2층,37.5890829615136,127.089640549599,,서울,서울특별시_중랑구_ 흡연 시설,https://www.data.go.kr/data/15040636/fileData.do,verified,공식 흡연장소 전용 데이터셋
NY시스템,서울특별시 중랑구  중화동 301-49번지 지상1층,37.59776826282,127.079433104898,,서울,서울특별시_중랑구_ 흡연 시설,https://www.data.go.kr/data/15040636/fileData.do,verified,공식 흡연장소 전용 데이터셋
망고톡PC방,서울특별시 중랑구  면목동 68-11번지 지상2층,37.5869308084057,127.094320335132,,서울,서울특별시_중랑구_ 흡연 시설,https://www.data.go.kr/data/15040636/fileData.do,verified,공식 흡연장소 전용 데이터셋
일레븐,서울특별시 중랑구  면목동 472-8번지 지상2층,37.5808758948202,127.089894605614,,서울,서울특별시_중랑구_ 흡연 시설,https://www.data.go.kr/data/15040636/fileData.do,verified,공식 흡연장소 전용 데이터셋
뉴본PC CAFE,서울특별시 중랑구  중화동 315-10번지 2층,37.598417829886,127.076920129769,,서울,서울특별시_중랑구_ 흡연 시설,https://www.data.go.kr/data/15040636/fileData.do,verified,공식 흡연장소 전용 데이터셋
로웰 PC Cafe,서울특별시 중랑구  망우동 491-38번지 3층,37.5982063894816,127.096731136846,,서울,서울특별시_중랑구_ 흡연 시설,https://www.data.go.kr/data/15040636/fileData.do,verified,공식 흡연장소 전용 데이터셋
콩PC,서울특별시 중랑구  묵동 238-2번지 2층 201호,37.6135505502681,127.076692995086,,서울,서울특별시_중랑구_ 흡연 시설,https://www.data.go.kr/data/15040636/fileData.do,verified,공식 흡연장소 전용 데이터셋
큐브PC,서울특별시 중랑구  중화동 307-62번지 지상1층,37.6040685543054,127.07749739188,,서울,서울특별시_중랑구_ 흡연 시설,https://www.data.go.kr/data/15040636/fileData.do,verified,공식 흡연장소 전용 데이터셋
샹떼PC방,서울특별시 중랑구  상봉동 300-2번지 2층,37.6027570209038,127.087375521554,,서울,서울특별시_중랑구_ 흡연 시설,https://www.data.go.kr/data/15040636/fileData.do,verified,공식 흡연장소 전용 데이터셋
제노PC cafe,서울특별시 중랑구  면목동 496-4번지 지하1층,37.5809855802746,127.088055722262,,서울,서울특별시_중랑구_ 흡연 시설,https://www.data.go.kr/data/15040636/fileData.do,verified,공식 흡연장소 전용 데이터셋
센스PC,서울특별시 중랑구  면목동 50-47번지 2층,37.5878592627966,127.095575218043,,서울,서울특별시_중랑구_ 흡연 시설,https://www.data.go.kr/data/15040636/fileData.do,verified,공식 흡연장소 전용 데이터셋
뮤토(MUTO)PC,서울특별시 중랑구  면목동 51-1번지 3층,37.5877675412536,127.096241187172,,서울,서울특별시_중랑구_ 흡연 시설,https://www.data.go.kr/data/15040636/fileData.do,verified,공식 흡연장소 전용 데이터셋
베가 PC카페,서울특별시 중랑구  신내동 644번지 엘리어트하우스 지하1동 102호,37.6154911071187,127.094449841298,,서울,서울특별시_중랑구_ 흡연 시설,https://www.data.go.kr/data/15040636/fileData.do,verified,공식 흡연장소 전용 데이터셋
벙커PC방,서울특별시 중랑구  면목동 146-75번지 3층,37.587512175916,127.080244082268,,서울,서울특별시_중랑구_ 흡연 시설,https://www.data.go.kr/data/15040636/fileData.do,verified,공식 흡연장소 전용 데이터셋
갤러리PC,서울특별시 중랑구  신내동 613-71번지 부영빌딩3층,37.607798892998,127.09681298198,,서울,서울특별시_중랑구_ 흡연 시설,https://www.data.go.kr/data/15040636/fileData.do,verified,공식 흡연장소 전용 데이터셋
아이센스PC,서울특별시 중랑구  묵동 174-4번지 지하1층,37.6122020411359,127.078473745057,,서울,서울특별시_중랑구_ 흡연 시설,https://www.data.go.kr/data/15040636/fileData.do,verified,공식 흡연장소 전용 데이터셋
아이비스PC방,서울특별시 중랑구  면목동 17-31번지 지층,37.5899506825289,127.097404107108,,서울,서울특별시_중랑구_ 흡연 시설,https://www.data.go.kr/data/15040636/fileData.do,verified,공식 흡연장소 전용 데이터셋
킹PC,서울특별시 중랑구  신내동 800번지 동광오뜨빌,37.6006811536027,127.099959014326,,서울,서울특별시_중랑구_ 흡연 시설,https://www.data.go.kr/data/15040636/fileData.do,verified,공식 흡연장소 전용 데이터셋
엔플세븐PC방,서울특별시 중랑구  망우동 358-5번지 지층,37.6002078079901,127.100765789943,,서울,서울특별시_중랑구_ 흡연 시설,https://www.data.go.kr/data/15040636/fileData.do,verified,공식 흡연장소 전용 데이터셋
아이센스PC방,서울특별시 중랑구  상봉동 129-3번지 지층,37.5938125757338,127.076531648156,,서울,서울특별시_중랑구_ 흡연 시설,https://www.data.go.kr/data/15040636/fileData.do,verified,공식 흡연장소 전용 데이터셋
스카이PC,서울특별시 중랑구  상봉동 90-61번지 지상1층,37.5960973797084,127.088181666101,,서울,서울특별시_중랑구_ 흡연 시설,https://www.data.go.kr/data/15040636/fileData.do,verified,공식 흡연장소 전용 데이터셋
겜스터PC방,서울특별시 중랑구  묵동 176-1번지 3층,37.6118890307623,127.078348491691,,서울,서울특별시_중랑구_ 흡연 시설,https://www.data.go.kr/data/15040636/fileData.do,verified,공식 흡연장소 전용 데이터셋
스타덤PC 상봉역점,서울특별시 중랑구  상봉동 115-19번지 지상2층,37.5955183196017,127.083208312297,,서울,서울특별시_중랑구_ 흡연 시설,https://www.data.go.kr/data/15040636/fileData.do,verified,공식 흡연장소 전용 데이터셋
Heaven PC방,서울특별시 중랑구  망우동 410-1번지 지상2층,37.5949391813003,127.100228074876,,서울,서울특별시_중랑구_ 흡연 시설,https://www.data.go.kr/data/15040636/fileData.do,verified,공식 흡연장소 전용 데이터셋
RAON기획,서울특별시 중랑구  상봉동 88-38번지,37.5949462234859,127.090977731809,,서울,서울특별시_중랑구_ 흡연 시설,https://www.data.go.kr/data/15040636/fileData.do,verified,공식 흡연장소 전용 데이터셋
PC클럽,서울특별시 중랑구  망우동 516-2번지 2층,37.5951975996455,127.093286755568,,서울,서울특별시_중랑구_ 흡연 시설,https://www.data.go.kr/data/15040636/fileData.do,verified,공식 흡연장소 전용 데이터셋
세븐(파라다이스)PC,서울특별시 중랑구  상봉동 90-49번지,37.5955997342336,127.089178331625,,서울,서울특별시_중랑구_ 흡연 시설,https://www.data.go.kr/data/15040636/fileData.do,verified,공식 흡연장소 전용 데이터셋
우리PC,서울특별시 중랑구  상봉동 84-28번지 지상1층,37.5941430695297,127.092382867731,,서울,서울특별시_중랑구_ 흡연 시설,https://www.data.go.kr/data/15040636/fileData.do,verified,공식 흡연장소 전용 데이터셋
피에스타PC방 면목점,서울특별시 중랑구  면목동 161-34번지 3층,37.5846278991348,127.080139203637,,서울,서울특별시_중랑구_ 흡연 시설,https://www.data.go.kr/data/15040636/fileData.do,verified,공식 흡연장소 전용 데이터셋
베테랑,서울특별시 중랑구  상봉동 90-12번지,37.5957222101348,127.089137034037,,서울,서울특별시_중랑구_ 흡연 시설,https://www.data.go.kr/data/15040636/fileData.do,verified,공식 흡연장소 전용 데이터셋
승PC,서울특별시 중랑구  망우동 357-36번지 지상1층,37.6007168279136,127.100706684761,,서울,서울특별시_중랑구_ 흡연 시설,https://www.data.go.kr/data/15040636/fileData.do,verified,공식 흡연장소 전용 데이터셋
천PC,서울특별시 중랑구  면목동 175-85번지 지상1층,37.5862754722813,127.07890936289,,서울,서울특별시_중랑구_ 흡연 시설,https://www.data.go.kr/data/15040636/fileData.do,verified,공식 흡연장소 전용 데이터셋
브라보PC 태릉점,서울특별시 중랑구  묵동 235-17번지,37.6141331213338,127.075165233085,,서울,서울특별시_중랑구_ 흡연 시설,https://www.data.go.kr/data/15040636/fileData.do,verified,공식 흡연장소 전용 데이터셋
바닐라PC방,서울특별시 중랑구  면목동 134-14번지,37.5915684362578,127.082087939339,,서울,서울특별시_중랑구_ 흡연 시설,https://www.data.go.kr/data/15040636/fileData.do,verified,공식 흡연장소 전용 데이터셋
골드PC방,서울특별시 중랑구  면목동 72-1번지 3층,37.5894703364422,127.093425214041,,서울,서울특별시_중랑구_ 흡연 시설,https://www.data.go.kr/data/15040636/fileData.do,verified,공식 흡연장소 전용 데이터셋
바닐라PC,서울특별시 중랑구  망우동 466-1번지 준인테리어,37.5989496413357,127.10015826355,,서울,서울특별시_중랑구_ 흡연 시설,https://www.data.go.kr/data/15040636/fileData.do,verified,공식 흡연장소 전용 데이터셋
바닐라pc방,서울특별시 중랑구  묵동 239-154번지,37.6118557327835,127.076781861622,,서울,서울특별시_중랑구_ 흡연 시설,https://www.data.go.kr/data/15040636/fileData.do,verified,공식 흡연장소 전용 데이터셋
고니PC,서울특별시 중랑구  망우동 464-27번지,37.5965001467684,127.099377618779,,서울,서울특별시_중랑구_ 흡연 시설,https://www.data.go.kr/data/15040636/fileData.do,verified,공식 흡연장소 전용 데이터셋
에이스PC,서울특별시 중랑구  상봉동 130-108번지,37.5929233250296,127.075226666896,,서울,서울특별시_중랑구_ 흡연 시설,https://www.data.go.kr/data/15040636/fileData.do,verified,공식 흡연장소 전용 데이터셋
바닐라킹PC,서울특별시 중랑구  중화동 311-9번지 임마누엘교회,37.6020210137217,127.077421772621,,서울,서울특별시_중랑구_ 흡연 시설,https://www.data.go.kr/data/15040636/fileData.do,verified,공식 흡연장소 전용 데이터셋
대박PC,서울특별시 중랑구  면목동 456-27번지,37.5822664438369,127.089952544893,,서울,서울특별시_중랑구_ 흡연 시설,https://www.data.go.kr/data/15040636/fileData.do,verified,공식 흡연장소 전용 데이터셋
Kim PC,서울특별시 중랑구  면목동 177-43번지,37.5868096376845,127.078010387535,,서울,서울특별시_중랑구_ 흡연 시설,https://www.data.go.kr/data/15040636/fileData.do,verified,공식 흡연장소 전용 데이터셋
노리터원,서울특별시 중랑구  중화동 311-3번지,37.6020210137217,127.077421772621,,서울,서울특별시_중랑구_ 흡연 시설,https://www.data.go.kr/data/15040636/fileData.do,verified,공식 흡연장소 전용 데이터셋
엔큐브면목점,서울특별시 중랑구  면목동 720-6번지,37.5743072662696,127.080301001951,,서울,서울특별시_중랑구_ 흡연 시설,https://www.data.go.kr/data/15040636/fileData.do,verified,공식 흡연장소 전용 데이터셋
아이비스PC,서울특별시 중랑구  면목동 105-4번지,37.5886359194834,127.089600611672,,서울,서울특별시_중랑구_ 흡연 시설,https://www.data.go.kr/data/15040636/fileData.do,verified,공식 흡연장소 전용 데이터셋
더캠프PC방,서울특별시 중랑구  상봉동 118번지,37.5953461582571,127.082669694226,,서울,서울특별시_중랑구_ 흡연 시설,https://www.data.go.kr/data/15040636/fileData.do,verified,공식 흡연장소 전용 데이터셋
행운PC,서울특별시 중랑구  상봉동 130-130번지 2층,37.5932395259284,127.076422133532,,서울,서울특별시_중랑구_ 흡연 시설,https://www.data.go.kr/data/15040636/fileData.do,verified,공식 흡연장소 전용 데이터셋
놀다가바둑이PC,서울특별시 중랑구  상봉동 130-139번지,37.5931622365672,127.076118936656,,서울,서울특별시_중랑구_ 흡연 시설,https://www.data.go.kr/data/15040636/fileData.do,verified,공식 흡연장소 전용 데이터셋
에이스PC,서울특별시 중랑구  면목동 715번지 늘푸른동아아파트,37.5729281358932,127.080665043218,,서울,서울특별시_중랑구_ 흡연 시설,https://www.data.go.kr/data/15040636/fileData.do,verified,공식 흡연장소 전용 데이터셋
우림pc,서울특별시 중랑구  망우동 469-36번지 바울선교회,37.598658828702,127.098412298643,,서울,서울특별시_중랑구_ 흡연 시설,https://www.data.go.kr/data/15040636/fileData.do,verified,공식 흡연장소 전용 데이터셋
KAMJA PC CAFE(감자PC방),서울특별시 중랑구  중화동 302-81번지 양지대중사우나,37.5989586946112,127.078426201806,,서울,서울특별시_중랑구_ 흡연 시설,https://www.data.go.kr/data/15040636/fileData.do,verified,공식 흡연장소 전용 데이터셋
아이센스PC 면목점,서울특별시 중랑구  면목동 455-19번지,37.5822903953628,127.090561211875,,서울,서울특별시_중랑구_ 흡연 시설,https://www.data.go.kr/data/15040636/fileData.do,verified,공식 흡연장소 전용 데이터셋
진PC,서울특별시 중랑구  면목동 161-8번지,37.5842743615565,127.080518667535,,서울,서울특별시_중랑구_ 흡연 시설,https://www.data.go.kr/data/15040636/fileData.do,verified,공식 흡연장소 전용 데이터셋
메이드PC,서울특별시 중랑구  망우동 488-16번지 동성빌딩,37.5999315895509,127.098494489172,,서울,서울특별시_중랑구_ 흡연 시설,https://www.data.go.kr/data/15040636/fileData.do,verified,공식 흡연장소 전용 데이터셋
중랑 MEGA VR,서울특별시 중랑구  망우동 495번지 한일써너스빌리젠시2단지,37.597668127547,127.094406811956,,서울,서울특별시_중랑구_ 흡연 시설,https://www.data.go.kr/data/15040636/fileData.do,verified,공식 흡연장소 전용 데이터셋
맥스피드PC방,서울특별시 중랑구  신내동 613-15번지,37.6075511944054,127.096282640562,,서울,서울특별시_중랑구_ 흡연 시설,https://www.data.go.kr/data/15040636/fileData.do,verified,공식 흡연장소 전용 데이터셋
골드PC,서울특별시 중랑구  상봉동 130-56번지,37.5922734356684,127.075655830307,,서울,서울특별시_중랑구_ 흡연 시설,https://www.data.go.kr/data/15040636/fileData.do,verified,공식 흡연장소 전용 데이터셋
칸 PC방,서울특별시 중랑구  면목동 14-26번지,37.5889645415036,127.097628477521,,서울,서울특별시_중랑구_ 흡연 시설,https://www.data.go.kr/data/15040636/fileData.do,verified,공식 흡연장소 전용 데이터셋
월드 PC방,서울특별시 중랑구  면목동 44-17번지,37.5875468977587,127.094557180196,,서울,서울특별시_중랑구_ 흡연 시설,https://www.data.go.kr/data/15040636/fileData.do,verified,공식 흡연장소 전용 데이터셋
아이비스 PC,서울특별시 중랑구  상봉동 125-68번지,37.5919609929124,127.08196619685,,서울,서울특별시_중랑구_ 흡연 시설,https://www.data.go.kr/data/15040636/fileData.do,verified,공식 흡연장소 전용 데이터셋
비원 PC방,서울특별시 중랑구  면목동 458-1번지,37.5834191475225,127.088678331057,,서울,서울특별시_중랑구_ 흡연 시설,https://www.data.go.kr/data/15040636/fileData.do,verified,공식 흡연장소 전용 데이터셋
인디고 PC,서울특별시 중랑구  신내동 797번지 동성7차아파트,37.6060544878653,127.097141297689,,서울,서울특별시_중랑구_ 흡연 시설,https://www.data.go.kr/data/15040636/fileData.do,verified,공식 흡연장소 전용 데이터셋
라스베가스 PC방,서울특별시 중랑구  망우동 523-66번지,37.5907275889712,127.093755709215,,서울,서울특별시_중랑구_ 흡연 시설,https://www.data.go.kr/data/15040636/fileData.do,verified,공식 흡연장소 전용 데이터셋
삼부그린스포츠센터,서울특별시 중랑구  용마산로 623 (신내동),37.6067294197018,127.100476623662,,서울,서울특별시_중랑구_ 흡연 시설,https://www.data.go.kr/data/15040636/fileData.do,verified,공식 흡연장소 전용 데이터셋
J&A 골프스쿨,서울특별시 중랑구  동일로 752 (중화동),37.5970090851956,127.082070702444,,서울,서울특별시_중랑구_ 흡연 시설,https://www.data.go.kr/data/15040636/fileData.do,verified,공식 흡연장소 전용 데이터셋
OK 골프연습장,서울특별시 중랑구  신내로25가길 2 (묵동),37.6194780819731,127.08419542632,,서울,서울특별시_중랑구_ 흡연 시설,https://www.data.go.kr/data/15040636/fileData.do,verified,공식 흡연장소 전용 데이터셋
KG 골프사관대학원,서울특별시 중랑구  용마산로 348 (면목동),37.5835281683818,127.094371404549,,서울,서울특별시_중랑구_ 흡연 시설,https://www.data.go.kr/data/15040636/fileData.do,verified,공식 흡연장소 전용 데이터셋
동경골프연습장,서울특별시 중랑구  봉화산로 193 (신내동),37.6068322383951,127.094457238177,,서울,서울특별시_중랑구_ 흡연 시설,https://www.data.go.kr/data/15040636/fileData.do,verified,공식 흡연장소 전용 데이터셋
우리골프스쿨,서울특별시 중랑구  면목로27길 6 (면목동),37.5752542990244,127.084939165528,,서울,서울특별시_중랑구_ 흡연 시설,https://www.data.go.kr/data/15040636/fileData.do,verified,공식 흡연장소 전용 데이터셋
용마골프클럽,서울특별시 중랑구  망우로70길 105 (망우동),37.5955282567377,127.104784268253,,서울,서울특별시_중랑구_ 흡연 시설,https://www.data.go.kr/data/15040636/fileData.do,verified,공식 흡연장소 전용 데이터셋
하라보 보드게임장,서울특별시 중랑구 면목로27길 92 지하,37.5742668436457,127.080518532414,,서울,서울특별시_중랑구_ 흡연 시설,https://www.data.go.kr/data/15040636/fileData.do,verified,공식 흡연장소 전용 데이터셋
엔탑PC방,서울특별시 중랑구  상봉동 101-15번지,37.5959092411997,127.085999413787,,서울,서울특별시_중랑구_ 흡연 시설,https://www.data.go.kr/data/15040636/fileData.do,verified,공식 흡연장소 전용 데이터셋
ON PC방,"서울특별시 중랑구  묵동 239-1번지 3층 1,2호",37.6117672510879,127.077203205993,,서울,서울특별시_중랑구_ 흡연 시설,https://www.data.go.kr/data/15040636/fileData.do,verified,공식 흡연장소 전용 데이터셋
Q9 PC방,서울특별시 중랑구  면목동 72-57번지 2층,37.5891116664346,127.091914240693,,서울,서울특별시_중랑구_ 흡연 시설,https://www.data.go.kr/data/15040636/fileData.do,verified,공식 흡연장소 전용 데이터셋
따라가기PC방,서울특별시 중랑구  면목동 175-40번지 지하1층,37.5849778776737,127.078751639082,,서울,서울특별시_중랑구_ 흡연 시설,https://www.data.go.kr/data/15040636/fileData.do,verified,공식 흡연장소 전용 데이터셋
아즈텍PC방 망우점,서울특별시 중랑구  망우동 461-1번지 3층,37.5957345681701,127.099385319678,,서울,서울특별시_중랑구_ 흡연 시설,https://www.data.go.kr/data/15040636/fileData.do,verified,공식 흡연장소 전용 데이터셋
용마PC,서울특별시 중랑구  망우동 403-16번지,37.5968746370782,127.100502663833,,서울,서울특별시_중랑구_ 흡연 시설,https://www.data.go.kr/data/15040636/fileData.do,verified,공식 흡연장소 전용 데이터셋
TOP PLACE PC(탑플레이스PC 상봉점),"서울특별시 중랑구  상봉동 113번지 B101,호",37.5955066222163,127.085331889126,,서울,서울특별시_중랑구_ 흡연 시설,https://www.data.go.kr/data/15040636/fileData.do,verified,공식 흡연장소 전용 데이터셋
VIP PC,서울특별시 중랑구  면목동 151-7번지,37.5853986420131,127.080089760808,,서울,서울특별시_중랑구_ 흡연 시설,https://www.data.go.kr/data/15040636/fileData.do,verified,공식 흡연장소 전용 데이터셋
휘트니스 놀이터,"서울특별시 중랑구  숙선옹주로 6-9 (묵동, 묵동자이아파트)",37.6149132859804,127.077944822519,,서울,서울특별시_중랑구_ 흡연 시설,https://www.data.go.kr/data/15040636/fileData.do,verified,공식 흡연장소 전용 데이터셋
GOTO 면목 골프,서울특별시 중랑구  면목로39길 11 (면목동),37.5794332667966,127.086213445301,,서울,서울특별시_중랑구_ 흡연 시설,https://www.data.go.kr/data/15040636/fileData.do,verified,공식 흡연장소 전용 데이터셋
w 스크린골프,서울특별시 중랑구  신내로 48 (신내동),37.6031952016433,127.09614509506,,서울,서울특별시_중랑구_ 흡연 시설,https://www.data.go.kr/data/15040636/fileData.do,verified,공식 흡연장소 전용 데이터셋
천지골프,서울특별시 중랑구  신내로7가길 35 (상봉동),37.6022805443814,127.093872012268,,서울,서울특별시_중랑구_ 흡연 시설,https://www.data.go.kr/data/15040636/fileData.do,verified,공식 흡연장소 전용 데이터셋
대영 스크린골프,서울특별시 중랑구  겸재로 226-3 (면목동),37.5893864514493,127.092972097208,,서울,서울특별시_중랑구_ 흡연 시설,https://www.data.go.kr/data/15040636/fileData.do,verified,공식 흡연장소 전용 데이터셋
J스크린 & 골프스쿨,서울특별시 중랑구  동일로143길 19 (중화동),37.605007486547,127.077618295975,,서울,서울특별시_중랑구_ 흡연 시설,https://www.data.go.kr/data/15040636/fileData.do,verified,공식 흡연장소 전용 데이터셋
스크린골프 PGA,서울특별시 중랑구  망우로 316 (상봉동),37.5965223858128,127.087565034141,,서울,서울특별시_중랑구_ 흡연 시설,https://www.data.go.kr/data/15040636/fileData.do,verified,공식 흡연장소 전용 데이터셋
세븐골프,서울특별시 중랑구  신내로21길 6 (묵동),37.617397644272,127.090127713018,,서울,서울특별시_중랑구_ 흡연 시설,https://www.data.go.kr/data/15040636/fileData.do,verified,공식 흡연장소 전용 데이터셋
Nobless 스크린골프,서울특별시 중랑구  면목로39길 18 (면목동),37.5799773800055,127.086455550573,,서울,서울특별시_중랑구_ 흡연 시설,https://www.data.go.kr/data/15040636/fileData.do,verified,공식 흡연장소 전용 데이터셋
현대 야외 스크린골프,서울특별시 중랑구  용마산로129나길 6 (신내동),37.6068996447662,127.099593040079,,서울,서울특별시_중랑구_ 흡연 시설,https://www.data.go.kr/data/15040636/fileData.do,verified,공식 흡연장소 전용 데이터셋
유진 스크린골프장,서울특별시 중랑구  망우로 448 (망우동),37.5998703125968,127.101588367221,,서울,서울특별시_중랑구_ 흡연 시설,https://www.data.go.kr/data/15040636/fileData.do,verified,공식 흡연장소 전용 데이터셋
용마 스크린골프,서울특별시 중랑구  용마산로 494 (망우동),37.5949757275537,127.100268095195,,서울,서울특별시_중랑구_ 흡연 시설,https://www.data.go.kr/data/15040636/fileData.do,verified,공식 흡연장소 전용 데이터셋
대명골프,서울특별시 중랑구  봉화산로56길 153 (신내동),37.6014843289566,127.096785094457,,서울,서울특별시_중랑구_ 흡연 시설,https://www.data.go.kr/data/15040636/fileData.do,verified,공식 흡연장소 전용 데이터셋
신아골프존,"서울특별시 중랑구  봉화산로 194  (신내동,신아타운(1202호))",37.6064526315197,127.094707041869,,서울,서울특별시_중랑구_ 흡연 시설,https://www.data.go.kr/data/15040636/fileData.do,verified,공식 흡연장소 전용 데이터셋
삼보 골프스쿨,서울특별시 중랑구  중랑천로10길 76 (면목동),37.5922443208716,127.077343706007,,서울,서울특별시_중랑구_ 흡연 시설,https://www.data.go.kr/data/15040636/fileData.do,verified,공식 흡연장소 전용 데이터셋
Sun골프아카데미,서울특별시 중랑구  숙선옹주로 91 (묵동),37.6172653669997,127.085544432545,,서울,서울특별시_중랑구_ 흡연 시설,https://www.data.go.kr/data/15040636/fileData.do,verified,공식 흡연장소 전용 데이터셋
뉴온리짐,"서울특별시 중랑구  동일로129길 35 (중화동,태능에센빌 복합상가 지하1층)",37.5992703826018,127.077554696692,,서울,서울특별시_중랑구_ 흡연 시설,https://www.data.go.kr/data/15040636/fileData.do,verified,공식 흡연장소 전용 데이터셋
운동사람들,서울특별시 중랑구  용마산로115길 108 (망우동),37.5980674793635,127.094140301694,,서울,서울특별시_중랑구_ 흡연 시설,https://www.data.go.kr/data/15040636/fileData.do,verified,공식 흡연장소 전용 데이터셋
굿모닝 휘트니스,서울특별시 중랑구  망우로 186 (상봉동),37.5929757068906,127.073455686987,,서울,서울특별시_중랑구_ 흡연 시설,https://www.data.go.kr/data/15040636/fileData.do,verified,공식 흡연장소 전용 데이터셋
바디캠프,서울특별시 중랑구  동일로 851 (묵동),37.6064251434477,127.078240495159,,서울,서울특별시_중랑구_ 흡연 시설,https://www.data.go.kr/data/15040636/fileData.do,verified,공식 흡연장소 전용 데이터셋
오메가 쓰리 스포츠,서울특별시 중랑구  봉화산로 117 (상봉동),37.6031651842705,127.087233649249,,서울,서울특별시_중랑구_ 흡연 시설,https://www.data.go.kr/data/15040636/fileData.do,verified,공식 흡연장소 전용 데이터셋
피트니스 에스 핏,서울특별시 중랑구  신내로14길 13 (신내동),37.6058331727345,127.096079861027,,서울,서울특별시_중랑구_ 흡연 시설,https://www.data.go.kr/data/15040636/fileData.do,verified,공식 흡연장소 전용 데이터셋
테크노 휘트니스,서울특별시 중랑구  동일로 608 (면목동),37.5846436762609,127.080124841926,,서울,서울특별시_중랑구_ 흡연 시설,https://www.data.go.kr/data/15040636/fileData.do,verified,공식 흡연장소 전용 데이터셋
광현헬스,서울특별시 중랑구  사가정로52길 22 (면목동),37.579847041388,127.086776011283,,서울,서울특별시_중랑구_ 흡연 시설,https://www.data.go.kr/data/15040636/fileData.do,verified,공식 흡연장소 전용 데이터셋
세방헬스클럽,서울특별시 중랑구  면목로37길 17 (면목동),37.5790898647419,127.085266960886,,서울,서울특별시_중랑구_ 흡연 시설,https://www.data.go.kr/data/15040636/fileData.do,verified,공식 흡연장소 전용 데이터셋
라인헬스아카데미,서울특별시 중랑구  용마산로 389 (면목동),37.5864975696368,127.094934121888,,서울,서울특별시_중랑구_ 흡연 시설,https://www.data.go.kr/data/15040636/fileData.do,verified,공식 흡연장소 전용 데이터셋
이코리아스포츠,서울특별시 중랑구  망우로 458 (망우동),37.5999698241466,127.102995065481,,서울,서울특별시_중랑구_ 흡연 시설,https://www.data.go.kr/data/15040636/fileData.do,verified,공식 흡연장소 전용 데이터셋
정이든 스크린골프,"서울특별시 중랑구  용마산로 382 (면목동, 정이든빌딩)",37.5856726927467,127.095068597534,,서울,서울특별시_중랑구_ 흡연 시설,https://www.data.go.kr/data/15040636/fileData.do,verified,공식 흡연장소 전용 데이터셋
SS골프,"서울특별시 중랑구  용마산로 361 (면목동, 영스포츠)",37.5842601320031,127.093696649947,,서울,서울특별시_중랑구_ 흡연 시설,https://www.data.go.kr/data/15040636/fileData.do,verified,공식 흡연장소 전용 데이터셋
비원스크린골프,서울특별시 중랑구  숙선옹주로 6-9 (묵동),37.6149132859804,127.077944822519,,서울,서울특별시_중랑구_ 흡연 시설,https://www.data.go.kr/data/15040636/fileData.do,verified,공식 흡연장소 전용 데이터셋
애스톤 네이처 24 hour 휘트니스,"서울특별시 중랑구  동일로 887 (묵동, 삼삼메디컬빌딩)",37.6095063836351,127.077639279822,,서울,서울특별시_중랑구_ 흡연 시설,https://www.data.go.kr/data/15040636/fileData.do,verified,공식 흡연장소 전용 데이터셋
피트니스 아레나,"서울특별시 중랑구  동일로 802, 지하1층 (중화동, 대신빌딩)",37.6020848093367,127.079714349109,,서울,서울특별시_중랑구_ 흡연 시설,https://www.data.go.kr/data/15040636/fileData.do,verified,공식 흡연장소 전용 데이터셋
바디톡,"서울특별시 중랑구  망우로 328, 3층 (상봉동, 시네마시티)",37.5967896562752,127.088961999058,,서울,서울특별시_중랑구_ 흡연 시설,https://www.data.go.kr/data/15040636/fileData.do,verified,공식 흡연장소 전용 데이터셋
시너지 짐,"서울특별시 중랑구  면목로39길 8 (면목동, 한성빌딩)",37.5797629566103,127.087172828376,,서울,서울특별시_중랑구_ 흡연 시설,https://www.data.go.kr/data/15040636/fileData.do,verified,공식 흡연장소 전용 데이터셋
팀키스 짐,"서울특별시 중랑구  망우로60길 37 (망우동, 효성써너스빌에코)",37.5971024399369,127.094238280931,,서울,서울특별시_중랑구_ 흡연 시설,https://www.data.go.kr/data/15040636/fileData.do,verified,공식 흡연장소 전용 데이터셋
고구마 휘트니스,"서울특별시 중랑구  상봉로 39 (면목동, MS빌딩)",37.5894355494869,127.093436153362,,서울,서울특별시_중랑구_ 흡연 시설,https://www.data.go.kr/data/15040636/fileData.do,verified,공식 흡연장소 전용 데이터셋
운동창고,"서울특별시 중랑구  봉화산로56길 153, 4층 408호 (신내동, 대명프라자)",37.6014843289566,127.096785094457,,서울,서울특별시_중랑구_ 흡연 시설,https://www.data.go.kr/data/15040636/fileData.do,verified,공식 흡연장소 전용 데이터셋
팀키스짐(TEAM KIS GYM),서울특별시 중랑구  동일로 937 (묵동),37.6140034339301,127.076482000011,,서울,서울특별시_중랑구_ 흡연 시설,https://www.data.go.kr/data/15040636/fileData.do,verified,공식 흡연장소 전용 데이터셋
우디안 휘트니스,"서울특별시 중랑구  신내역로 165 (신내동, 신내우디안 2단지 휘트니스센터)",37.6165826807685,127.109631685269,,서울,서울특별시_중랑구_ 흡연 시설,https://www.data.go.kr/data/15040636/fileData.do,verified,공식 흡연장소 전용 데이터셋
올리브짐,서울특별시 중랑구  겸재로49길 18 (면목동),37.5898628407742,127.090492713582,,서울,서울특별시_중랑구_ 흡연 시설,https://www.data.go.kr/data/15040636/fileData.do,verified,공식 흡연장소 전용 데이터셋
우림헬스크럽,서울특별시 중랑구  봉우재로71길 18 (망우동),37.596385964949,127.098764864011,,서울,서울특별시_중랑구_ 흡연 시설,https://www.data.go.kr/data/15040636/fileData.do,verified,공식 흡연장소 전용 데이터셋
비타민 스포츠센터,"서울특별시 중랑구  면목로44길 28 (면목동, 아람플러스리빙)",37.5808735938678,127.089839921549,,서울,서울특별시_중랑구_ 흡연 시설,https://www.data.go.kr/data/15040636/fileData.do,verified,공식 흡연장소 전용 데이터셋
신내헬스,"서울특별시 중랑구  신내로 127 (신내동, 신내 9단지 아파트)",37.6108674372868,127.095651882252,,서울,서울특별시_중랑구_ 흡연 시설,https://www.data.go.kr/data/15040636/fileData.do,verified,공식 흡연장소 전용 데이터셋
투바디짐,서울특별시 중랑구  봉우재로 73 (상봉동),37.5917927498379,127.081355371875,,서울,서울특별시_중랑구_ 흡연 시설,https://www.data.go.kr/data/15040636/fileData.do,verified,공식 흡연장소 전용 데이터셋
스포웰짐,서울특별시 중랑구  봉화산로 194 (신내동),37.6064526315197,127.094707041869,,서울,서울특별시_중랑구_ 흡연 시설,https://www.data.go.kr/data/15040636/fileData.do,verified,공식 흡연장소 전용 데이터셋
주식회사 고릴라멀티짐,"서울특별시 중랑구  망우로30길 3 (상봉동,안산빌딩 2층)",37.5930806702101,127.0747508051,,서울,서울특별시_중랑구_ 흡연 시설,https://www.data.go.kr/data/15040636/fileData.do,verified,공식 흡연장소 전용 데이터셋
웰컴 당구장,서울특별시 중랑구  면목로 361 (면목동),37.5843418191467,127.088244558838,,서울,서울특별시_중랑구_ 흡연 시설,https://www.data.go.kr/data/15040636/fileData.do,verified,공식 흡연장소 전용 데이터셋
ABC 당구장,서울특별시 중랑구  망우로30길 30 (상봉동),37.5920504377071,127.074811597547,,서울,서울특별시_중랑구_ 흡연 시설,https://www.data.go.kr/data/15040636/fileData.do,verified,공식 흡연장소 전용 데이터셋
우리들당구장,서울특별시 중랑구  면목로 342 (면목동),37.5823883266456,127.088791001729,,서울,서울특별시_중랑구_ 흡연 시설,https://www.data.go.kr/data/15040636/fileData.do,verified,공식 흡연장소 전용 데이터셋
헐리우드 당구장,서울특별시 중랑구  송림길 7 (상봉동),37.5996056210442,127.095188239158,,서울,서울특별시_중랑구_ 흡연 시설,https://www.data.go.kr/data/15040636/fileData.do,verified,공식 흡연장소 전용 데이터셋
윤빌라이트 클럽,서울특별시 중랑구  봉화산로 218 (신내동),37.6073860355769,127.097061714442,,서울,서울특별시_중랑구_ 흡연 시설,https://www.data.go.kr/data/15040636/fileData.do,verified,공식 흡연장소 전용 데이터셋
우리 당구장,서울특별시 중랑구  동일로129길 54 (중화동),37.5999854804166,127.077032606368,,서울,서울특별시_중랑구_ 흡연 시설,https://www.data.go.kr/data/15040636/fileData.do,verified,공식 흡연장소 전용 데이터셋
킹당구장,서울특별시 중랑구  용마산로 418 (면목동),37.5888003326938,127.096701752698,,서울,서울특별시_중랑구_ 흡연 시설,https://www.data.go.kr/data/15040636/fileData.do,verified,공식 흡연장소 전용 데이터셋
볼모아 당구장,서울특별시 중랑구  중랑역로 51 (중화동),37.5983780061165,127.076920088772,,서울,서울특별시_중랑구_ 흡연 시설,https://www.data.go.kr/data/15040636/fileData.do,verified,공식 흡연장소 전용 데이터셋
삼성당구장,서울특별시 중랑구  망우로32길 37 (면목동),37.5921917510727,127.077132479608,,서울,서울특별시_중랑구_ 흡연 시설,https://www.data.go.kr/data/15040636/fileData.do,verified,공식 흡연장소 전용 데이터셋
만점 당구장,서울특별시 중랑구  면목로 368  (면목동),37.584826317697,127.088559196893,,서울,서울특별시_중랑구_ 흡연 시설,https://www.data.go.kr/data/15040636/fileData.do,verified,공식 흡연장소 전용 데이터셋
월드컵 당구장,서울특별시 중랑구  면목로33길 33 (면목동),37.5764975948015,127.084038672088,,서울,서울특별시_중랑구_ 흡연 시설,https://www.data.go.kr/data/15040636/fileData.do,verified,공식 흡연장소 전용 데이터셋
코어스트롱 중랑구청점,"서울특별시 중랑구  봉화산로 218, 지하2층 (신내동)",37.6073860355769,127.097061714442,,서울,서울특별시_중랑구_ 흡연 시설,https://www.data.go.kr/data/15040636/fileData.do,verified,공식 흡연장소 전용 데이터셋
코오스트롱 휘트니스,"서울특별시 중랑구  신내로 193, 엘리어트하우스 B층 1호 (신내동)",37.6154746292954,127.094437021597,,서울,서울특별시_중랑구_ 흡연 시설,https://www.data.go.kr/data/15040636/fileData.do,verified,공식 흡연장소 전용 데이터셋
H·O·C GYM,서울특별시 중랑구  용마산로 458 (망우동),37.5919203036137,127.09842652337,,서울,서울특별시_중랑구_ 흡연 시설,https://www.data.go.kr/data/15040636/fileData.do,verified,공식 흡연장소 전용 데이터셋
미라클 헬스,"서울특별시 중랑구  상봉중앙로 41, 2층 (상봉동, 해동 훼미리)",37.6008163273836,127.087200218088,,서울,서울특별시_중랑구_ 흡연 시설,https://www.data.go.kr/data/15040636/fileData.do,verified,공식 흡연장소 전용 데이터셋
Q 당구장,서울특별시 중랑구  망우로 204 (상봉동),37.5935229485231,127.075628447807,,서울,서울특별시_중랑구_ 흡연 시설,https://www.data.go.kr/data/15040636/fileData.do,verified,공식 흡연장소 전용 데이터셋
용 당구장,서울특별시 중랑구  사가정로 389 (면목동),37.5809553916993,127.088062819059,,서울,서울특별시_중랑구_ 흡연 시설,https://www.data.go.kr/data/15040636/fileData.do,verified,공식 흡연장소 전용 데이터셋
ZEN 당구클럽,서울특별시 중랑구  망우로 202 (상봉동),37.5934850257791,127.075473622773,,서울,서울특별시_중랑구_ 흡연 시설,https://www.data.go.kr/data/15040636/fileData.do,verified,공식 흡연장소 전용 데이터셋
킹 당구장,서울특별시 중랑구  용마산로 426 (면목동),37.5894287157696,127.097102815176,,서울,서울특별시_중랑구_ 흡연 시설,https://www.data.go.kr/data/15040636/fileData.do,verified,공식 흡연장소 전용 데이터셋
파랑 당구장,서울특별시 중랑구  봉화산로52길 58 (신내동),37.6054254721386,127.096304362386,,서울,서울특별시_중랑구_ 흡연 시설,https://www.data.go.kr/data/15040636/fileData.do,verified,공식 흡연장소 전용 데이터셋
웹툰 당구장,서울특별시 중랑구  용마산로 414 (면목동),37.5884111760563,127.09650367473,,서울,서울특별시_중랑구_ 흡연 시설,https://www.data.go.kr/data/15040636/fileData.do,verified,공식 흡연장소 전용 데이터셋
떼굴떼굴,서울특별시 중랑구  봉우재로 39 (면목동),37.5907081718842,127.077553963477,,서울,서울특별시_중랑구_ 흡연 시설,https://www.data.go.kr/data/15040636/fileData.do,verified,공식 흡연장소 전용 데이터셋
오성 당구장,서울특별시 중랑구  봉우재로 195 (망우동),37.5946510732475,127.094401188603,,서울,서울특별시_중랑구_ 흡연 시설,https://www.data.go.kr/data/15040636/fileData.do,verified,공식 흡연장소 전용 데이터셋
프로 당구장,서울특별시 중랑구  용마산로 554 (망우동),37.6004362550004,127.100711968645,,서울,서울특별시_중랑구_ 흡연 시설,https://www.data.go.kr/data/15040636/fileData.do,verified,공식 흡연장소 전용 데이터셋
해적 당구장,서울특별시 중랑구  동일로163길 8 (묵동),37.6121731854979,127.076867472207,,서울,서울특별시_중랑구_ 흡연 시설,https://www.data.go.kr/data/15040636/fileData.do,verified,공식 흡연장소 전용 데이터셋
키노 당구장,서울특별시 중랑구  망우로 422 (망우동),37.5993115759551,127.098975506863,,서울,서울특별시_중랑구_ 흡연 시설,https://www.data.go.kr/data/15040636/fileData.do,verified,공식 흡연장소 전용 데이터셋
호박 당구클럽,서울특별시 중랑구  중랑역로 122 (중화동),37.6042043396493,127.077488019983,,서울,서울특별시_중랑구_ 흡연 시설,https://www.data.go.kr/data/15040636/fileData.do,verified,공식 흡연장소 전용 데이터셋
캐롬학당,서울특별시 중랑구  동일로 905  (묵동),37.6111164065523,127.0772952912,,서울,서울특별시_중랑구_ 흡연 시설,https://www.data.go.kr/data/15040636/fileData.do,verified,공식 흡연장소 전용 데이터셋
드림 당구클럽,서울특별시 중랑구  면목로 419 (면목동),37.5893716462554,127.086982040873,,서울,서울특별시_중랑구_ 흡연 시설,https://www.data.go.kr/data/15040636/fileData.do,verified,공식 흡연장소 전용 데이터셋
,서울특별시 서대문구 서소문로51,37.5619103906883,126.966751322883,청사,서울,서울특별시 서대문구_실외 흡연실,https://www.data.go.kr/data/15068923/fileData.do,verified,공식 흡연장소 전용 데이터셋
,서울특별시 서대문구 연희로182,37.57320485877,126.935995916827,청사,서울,서울특별시 서대문구_실외 흡연실,https://www.data.go.kr/data/15068923/fileData.do,verified,공식 흡연장소 전용 데이터셋
,서울특별시 서대문구 연희로248,37.5791546257808,126.936759175119,청사,서울,서울특별시 서대문구_실외 흡연실,https://www.data.go.kr/data/15068923/fileData.do,verified,공식 흡연장소 전용 데이터셋
면일체육문화센터,"서울특별시 중랑구  용마산로100길 13, 면일체육문화센터 (망우동)",37.5920415995378,127.099794712349,,서울,서울특별시_중랑구_ 흡연 시설,https://www.data.go.kr/data/15040636/fileData.do,verified,공식 흡연장소 전용 데이터셋
중곡 스포렉스,서울특별시 중랑구  면목로23길 20 (면목동),37.5748916374118,127.083439043619,,서울,서울특별시_중랑구_ 흡연 시설,https://www.data.go.kr/data/15040636/fileData.do,verified,공식 흡연장소 전용 데이터셋
로얄스포츠센타,서울특별시 중랑구  망우로 247 (중화동),37.5953217946712,127.079577141932,,서울,서울특별시_중랑구_ 흡연 시설,https://www.data.go.kr/data/15040636/fileData.do,verified,공식 흡연장소 전용 데이터셋
ICE PLANET(아이스 플래닛),서울특별시 중랑구  상봉중앙로 45 (상봉동),37.6011171914951,127.08704644624,,서울,서울특별시_중랑구_ 흡연 시설,https://www.data.go.kr/data/15040636/fileData.do,verified,공식 흡연장소 전용 데이터셋
빌킬,"서울특별시 중랑구  면목로 289, 4층 (면목동)",37.5787332220958,127.086052334811,,서울,서울특별시_중랑구_ 흡연 시설,https://www.data.go.kr/data/15040636/fileData.do,verified,공식 흡연장소 전용 데이터셋
캐롬스팟,"서울특별시 중랑구  용마산로 493, 동양빌딩 지층 1호 (망우동)",37.5950099588825,127.099530426804,,서울,서울특별시_중랑구_ 흡연 시설,https://www.data.go.kr/data/15040636/fileData.do,verified,공식 흡연장소 전용 데이터셋
FUll 당구장,"서울특별시 중랑구  겸재로 264 (면목동, (주)그린고속관광)",37.5901446401594,127.096778447462,,서울,서울특별시_중랑구_ 흡연 시설,https://www.data.go.kr/data/15040636/fileData.do,verified,공식 흡연장소 전용 데이터셋
한큐당구장,"서울특별시 중랑구  면목로37길 5 (면목동, 중하빌딩)",37.5788540530237,127.085794244725,,서울,서울특별시_중랑구_ 흡연 시설,https://www.data.go.kr/data/15040636/fileData.do,verified,공식 흡연장소 전용 데이터셋
당돌이 당구장,서울특별시 중랑구  용마산로 440 (면목동),37.5904325998122,127.09765043616,,서울,서울특별시_중랑구_ 흡연 시설,https://www.data.go.kr/data/15040636/fileData.do,verified,공식 흡연장소 전용 데이터셋
B1 당구클럽,서울특별시 중랑구  봉화산로56길 77 (신내동),37.6052451296632,127.098012147067,,서울,서울특별시_중랑구_ 흡연 시설,https://www.data.go.kr/data/15040636/fileData.do,verified,공식 흡연장소 전용 데이터셋
드림 당구장,서울특별시 중랑구  용마산로 328 (면목동),37.5810577406108,127.093572178923,,서울,서울특별시_중랑구_ 흡연 시설,https://www.data.go.kr/data/15040636/fileData.do,verified,공식 흡연장소 전용 데이터셋
브라보 당구장,서울특별시 중랑구  동일로 607 (면목동),37.584721017557,127.079538570699,,서울,서울특별시_중랑구_ 흡연 시설,https://www.data.go.kr/data/15040636/fileData.do,verified,공식 흡연장소 전용 데이터셋
구슬모아 당구클럽,서울특별시 중랑구  망우로 291 (상봉동),37.5964485466639,127.084792605442,,서울,서울특별시_중랑구_ 흡연 시설,https://www.data.go.kr/data/15040636/fileData.do,verified,공식 흡연장소 전용 데이터셋
,서울특별시 서대문구 경기대로9,37.5603023007769,126.961724437774,"1,000㎡이상 건축물",서울,서울특별시 서대문구_실외 흡연실,https://www.data.go.kr/data/15068923/fileData.do,verified,공식 흡연장소 전용 데이터셋
,서울특별시 서대문구 경기대로47,37.5638209021699,126.96237696604,"1,000㎡이상 건축물",서울,서울특별시 서대문구_실외 흡연실,https://www.data.go.kr/data/15068923/fileData.do,verified,공식 흡연장소 전용 데이터셋
,서울특별시 서대문구 수색로56,37.5708154693004,126.912242300278,"1,000㎡이상 건축물",서울,서울특별시 서대문구_실외 흡연실,https://www.data.go.kr/data/15068923/fileData.do,verified,공식 흡연장소 전용 데이터셋
,서울특별시 서대문구 성산로263,37.5673380132282,126.919616379824,"1,000㎡이상 건축물",서울,서울특별시 서대문구_실외 흡연실,https://www.data.go.kr/data/15068923/fileData.do,verified,공식 흡연장소 전용 데이터셋
,서울특별시 서대문구 성산로321,37.5666012204069,126.926019435938,"1,000㎡이상 건축물",서울,서울특별시 서대문구_실외 흡연실,https://www.data.go.kr/data/15068923/fileData.do,verified,공식 흡연장소 전용 데이터셋
,서울특별시 서대문구 신촌로197,37.5572237320514,126.947952602064,학원,서울,서울특별시 서대문구_실외 흡연실,https://www.data.go.kr/data/15068923/fileData.do,verified,공식 흡연장소 전용 데이터셋
,서울특별시 서대문구 거북골로34,37.5803770223812,126.921348530876,대학교,서울,서울특별시 서대문구_실외 흡연실,https://www.data.go.kr/data/15068923/fileData.do,verified,공식 흡연장소 전용 데이터셋
,서울특별시 서대문구 가좌로134,37.5852831941405,126.925647822893,대학교,서울,서울특별시 서대문구_실외 흡연실,https://www.data.go.kr/data/15068923/fileData.do,verified,공식 흡연장소 전용 데이터셋
,서울특별시 서대문구 통일로37길 51,37.5860511439424,126.944363060915,대학교,서울,서울특별시 서대문구_실외 흡연실,https://www.data.go.kr/data/15068923/fileData.do,verified,공식 흡연장소 전용 데이터셋
,서울특별시 서대문구 경기대로44,37.5631813118669,126.962461836915,대학교,서울,서울특별시 서대문구_실외 흡연실,https://www.data.go.kr/data/15068923/fileData.do,verified,공식 흡연장소 전용 데이터셋
,서울특별시 서대문구 연세로50-1,37.563674036531,126.941917689273,의료기관,서울,서울특별시 서대문구_실외 흡연실,https://www.data.go.kr/data/15068923/fileData.do,verified,공식 흡연장소 전용 데이터셋
,서울특별시 서대문구 충정로60,37.5638625904566,126.966154870127,청사,서울,서울특별시 서대문구_실외 흡연실,https://www.data.go.kr/data/15068923/fileData.do,verified,공식 흡연장소 전용 데이터셋
,서울특별시 서대문구 충정로36,37.5619610885508,126.964488428517,청사,서울,서울특별시 서대문구_실외 흡연실,https://www.data.go.kr/data/15068923/fileData.do,verified,공식 흡연장소 전용 데이터셋
,서울특별시 서대문구 통일로97,37.5642133689349,126.966862806889,청사,서울,서울특별시 서대문구_실외 흡연실,https://www.data.go.kr/data/15068923/fileData.do,verified,공식 흡연장소 전용 데이터셋
,서울특별시 서대문구 통일로113,37.5650853221302,126.967074308467,청사,서울,서울특별시 서대문구_실외 흡연실,https://www.data.go.kr/data/15068923/fileData.do,verified,공식 흡연장소 전용 데이터셋
,서울특별시 서대문구 성산로20길 9,37.5608435385878,126.932090752181,청사,서울,서울특별시 서대문구_실외 흡연실,https://www.data.go.kr/data/15068923/fileData.do,verified,공식 흡연장소 전용 데이터셋
,서울특별시 서대문구 신촌로83,37.5560830579515,126.935844876509,대규모점포,서울,서울특별시 서대문구_실외 흡연실,https://www.data.go.kr/data/15068923/fileData.do,verified,공식 흡연장소 전용 데이터셋
,서울특별시 서대문구 연세로13,37.5567378385686,126.936559696179,"1,000㎡이상 건축물",서울,서울특별시 서대문구_실외 흡연실,https://www.data.go.kr/data/15068923/fileData.do,verified,공식 흡연장소 전용 데이터셋
,서울특별시 서대문구 충정로23,37.5611430497586,126.962944675196,"1,000㎡이상 건축물",서울,서울특별시 서대문구_실외 흡연실,https://www.data.go.kr/data/15068923/fileData.do,verified,공식 흡연장소 전용 데이터셋
,서울특별시 서대문구 신촌로113,37.5559736844642,126.938569863979,"1,000㎡이상 건축물",서울,서울특별시 서대문구_실외 흡연실,https://www.data.go.kr/data/15068923/fileData.do,verified,공식 흡연장소 전용 데이터셋
,서울특별시 서대문구 신촌로183,37.5570713640316,126.94632173155,"1,000㎡이상 건축물",서울,서울특별시 서대문구_실외 흡연실,https://www.data.go.kr/data/15068923/fileData.do,verified,공식 흡연장소 전용 데이터셋
,서울특별시 서대문구 신촌로231,37.5574231380096,126.951588932214,"1,000㎡이상 건축물",서울,서울특별시 서대문구_실외 흡연실,https://www.data.go.kr/data/15068923/fileData.do,verified,공식 흡연장소 전용 데이터셋
,서울특별시 서대문구 연희로407,37.5912879829227,126.940485307056,"1,000㎡이상 건축물",서울,서울특별시 서대문구_실외 흡연실,https://www.data.go.kr/data/15068923/fileData.do,verified,공식 흡연장소 전용 데이터셋
,서울특별시 서대문구 신촌로73,37.5563071297207,126.934520427944,"1,000㎡이상 건축물",서울,서울특별시 서대문구_실외 흡연실,https://www.data.go.kr/data/15068923/fileData.do,verified,공식 흡연장소 전용 데이터셋
,서울특별시 서대문구 연희로142,37.5699331641167,126.933707418218,"1,000㎡이상 건축물",서울,서울특별시 서대문구_실외 흡연실,https://www.data.go.kr/data/15068923/fileData.do,verified,공식 흡연장소 전용 데이터셋
,서울특별시 서대문구 서소문로45,37.5612754883275,126.966222138839,"1,000㎡이상 건축물",서울,서울특별시 서대문구_실외 흡연실,https://www.data.go.kr/data/15068923/fileData.do,verified,공식 흡연장소 전용 데이터셋
,서울특별시 서대문구 충정로8,37.5597337023595,126.963206705404,"1,000㎡이상 건축물",서울,서울특별시 서대문구_실외 흡연실,https://www.data.go.kr/data/15068923/fileData.do,verified,공식 흡연장소 전용 데이터셋
,서울특별시 서대문구 서소문로21,37.5598942603947,126.964085809305,"1,000㎡이상 건축물",서울,서울특별시 서대문구_실외 흡연실,https://www.data.go.kr/data/15068923/fileData.do,verified,공식 흡연장소 전용 데이터셋
,서울특별시 서대문구 충정로50,37.5629623784739,126.965134917115,"1,000㎡이상 건축물",서울,서울특별시 서대문구_실외 흡연실,https://www.data.go.kr/data/15068923/fileData.do,verified,공식 흡연장소 전용 데이터셋
,서울특별시 서대문구 충정로70,37.5647723855124,126.966361817953,"1,000㎡이상 건축물",서울,서울특별시 서대문구_실외 흡연실,https://www.data.go.kr/data/15068923/fileData.do,verified,공식 흡연장소 전용 데이터셋
,서울특별시 서대문구 통일로135,37.5664280652901,126.965458383486,"1,000㎡이상 건축물",서울,서울특별시 서대문구_실외 흡연실,https://www.data.go.kr/data/15068923/fileData.do,verified,공식 흡연장소 전용 데이터셋
,서울특별시 서대문구 충정로29,37.5619391110489,126.963331706929,"1,000㎡이상 건축물",서울,서울특별시 서대문구_실외 흡연실,https://www.data.go.kr/data/15068923/fileData.do,verified,공식 흡연장소 전용 데이터셋
,서울특별시 노원구 공릉동 670-31 태릉입구역 5번출구 앞,37.618537,127.075621,밀폐형,서울,서울특별시 노원구_ 흡연 시설 현황,https://www.data.go.kr/data/15078097/fileData.do,verified,공식 흡연장소 전용 데이터셋
,서울특별시 노원구 공릉동 89-1 화랑대역 3번출구 앞,37.620717,127.084153,밀폐형,서울,서울특별시 노원구_ 흡연 시설 현황,https://www.data.go.kr/data/15078097/fileData.do,verified,공식 흡연장소 전용 데이터셋
,서울특별시 노원구 상계동 770-2 마들스포츠타운 내,37.644308,127.058543,밀폐형,서울,서울특별시 노원구_ 흡연 시설 현황,https://www.data.go.kr/data/15078097/fileData.do,verified,공식 흡연장소 전용 데이터셋
,서울특별시 노원구 상계동 121 수락산스포츠타운 내,37.668293,127.070887,밀폐형,서울,서울특별시 노원구_ 흡연 시설 현황,https://www.data.go.kr/data/15078097/fileData.do,verified,공식 흡연장소 전용 데이터셋
,서울특별시 노원구 공릉동 1-1 육군사관학교 체육관 앞,37.626534,127.096036,밀폐형,서울,서울특별시 노원구_ 흡연 시설 현황,https://www.data.go.kr/data/15078097/fileData.do,verified,공식 흡연장소 전용 데이터셋
,서울특별시 노원구 공릉동 131 불암산스포츠타운 내,37.638597,127.082693,밀폐형,서울,서울특별시 노원구_ 흡연 시설 현황,https://www.data.go.kr/data/15078097/fileData.do,verified,공식 흡연장소 전용 데이터셋
,서울특별시 노원구 중계동 508-1 등나무문화공원 주차장 내,37.64044018,127.0676933,밀폐형,서울,서울특별시 노원구_ 흡연 시설 현황,https://www.data.go.kr/data/15078097/fileData.do,verified,공식 흡연장소 전용 데이터셋
,서울특별시 노원구 중계동 507 중계근린공원 주차장 내,37.63965447,127.0651318,개방형,서울,서울특별시 노원구_ 흡연 시설 현황,https://www.data.go.kr/data/15078097/fileData.do,verified,공식 흡연장소 전용 데이터셋
,인천광역시 옹진군 영흥면 영흥로757번길 6,37.2726707302143,126.4499484897,해수욕장,인천,인천광역시 옹진군_ 흡연구역 정보,https://www.data.go.kr/data/3044375/fileData.do,verified,공식 흡연장소 전용 데이터셋
,인천광역시 옹진군 덕적면 서포리 163 경림비치펜션,37.221916428041,126.119356594326,실내체육시설,인천,인천광역시 옹진군_ 흡연구역 정보,https://www.data.go.kr/data/3044375/fileData.do,verified,공식 흡연장소 전용 데이터셋
,인천광역시 옹진군 자월면 자월서로 68-1,37.2493883474492,126.316153431424,실내체육시설,인천,인천광역시 옹진군_ 흡연구역 정보,https://www.data.go.kr/data/3044375/fileData.do,verified,공식 흡연장소 전용 데이터셋
,인천광역시 옹진군 백령면 당후길 30,37.9600696310582,124.663537462114,실내체육시설,인천,인천광역시 옹진군_ 흡연구역 정보,https://www.data.go.kr/data/3044375/fileData.do,verified,공식 흡연장소 전용 데이터셋
,인천광역시 옹진군 백령면 백령로280번길 18,37.9722102481509,124.717265176266,게임제공업소,인천,인천광역시 옹진군_ 흡연구역 정보,https://www.data.go.kr/data/3044375/fileData.do,verified,공식 흡연장소 전용 데이터셋
,"인천광역시 옹진군 백령면 백령로 817, BBQ 2층",37.9607171726796,124.665006174498,게임제공업소,인천,인천광역시 옹진군_ 흡연구역 정보,https://www.data.go.kr/data/3044375/fileData.do,verified,공식 흡연장소 전용 데이터셋
,"인천광역시 옹진군 백령면 백령로 807, 1층",37.9612695101438,124.665700080688,게임제공업소,인천,인천광역시 옹진군_ 흡연구역 정보,https://www.data.go.kr/data/3044375/fileData.do,verified,공식 흡연장소 전용 데이터셋
,"인천광역시 옹진군 백령면 백령로852번길 6, 2층",37.9586654460866,124.663940790318,게임제공업소,인천,인천광역시 옹진군_ 흡연구역 정보,https://www.data.go.kr/data/3044375/fileData.do,verified,공식 흡연장소 전용 데이터셋
,왕산로 4(신설동) 테라스,37.5756082077054,127.024042802335,개방형,서울,서울특별시 동대문구_ 흡연 시설 현황,https://www.data.go.kr/data/15070168/fileData.do,verified,공식 흡연장소 전용 데이터셋
,왕산로 15(신설동) 옥상,37.5765299037262,127.025012701694,개방형,서울,서울특별시 동대문구_ 흡연 시설 현황,https://www.data.go.kr/data/15070168/fileData.do,verified,공식 흡연장소 전용 데이터셋
,왕산로 19(신설동) 옥상,37.5767090920194,127.025524677025,개방형,서울,서울특별시 동대문구_ 흡연 시설 현황,https://www.data.go.kr/data/15070168/fileData.do,verified,공식 흡연장소 전용 데이터셋
,왕산로 21(신설동) 옥상,37.5768030967407,127.025796515924,완전개방형,서울,서울특별시 동대문구_ 흡연 시설 현황,https://www.data.go.kr/data/15070168/fileData.do,verified,공식 흡연장소 전용 데이터셋
,왕산로 25(신설동) 1층,37.5768219449228,127.026127083064,개방형,서울,서울특별시 동대문구_ 흡연 시설 현황,https://www.data.go.kr/data/15070168/fileData.do,verified,공식 흡연장소 전용 데이터셋
,왕산로 25(신설동) 옥상,37.5768219449228,127.026127083064,개방형,서울,서울특별시 동대문구_ 흡연 시설 현황,https://www.data.go.kr/data/15070168/fileData.do,verified,공식 흡연장소 전용 데이터셋
,왕산로 61(용두동) 옥상,37.5780204178722,127.030038934555,완전개방형,서울,서울특별시 동대문구_ 흡연 시설 현황,https://www.data.go.kr/data/15070168/fileData.do,verified,공식 흡연장소 전용 데이터셋
,회기로 57(청량리동) 1층,37.5940106033304,127.044831386238,완전폐쇄형,서울,서울특별시 동대문구_ 흡연 시설 현황,https://www.data.go.kr/data/15070168/fileData.do,verified,공식 흡연장소 전용 데이터셋
,회기로 47(청량리동) 1층,37.5950242987183,127.042170106865,완전폐쇄형,서울,서울특별시 동대문구_ 흡연 시설 현황,https://www.data.go.kr/data/15070168/fileData.do,verified,공식 흡연장소 전용 데이터셋
,홍릉로 58(청량리동) 1층,37.5854695496638,127.043890510248,완전개방형,서울,서울특별시 동대문구_ 흡연 시설 현황,https://www.data.go.kr/data/15070168/fileData.do,verified,공식 흡연장소 전용 데이터셋
,한천로11길 6(답십리동) 옥상,37.5673706689293,127.061930858051,완전개방형,서울,서울특별시 동대문구_ 흡연 시설 현황,https://www.data.go.kr/data/15070168/fileData.do,verified,공식 흡연장소 전용 데이터셋
,천호대로 329(답십리동) 1층,37.5644062665967,127.056618127596,개방형,서울,서울특별시 동대문구_ 흡연 시설 현황,https://www.data.go.kr/data/15070168/fileData.do,verified,공식 흡연장소 전용 데이터셋
,고미술로 100(답십리동) 옥상,37.5638591899444,127.057347763707,완전개방형,서울,서울특별시 동대문구_ 흡연 시설 현황,https://www.data.go.kr/data/15070168/fileData.do,verified,공식 흡연장소 전용 데이터셋
,천호대로 307 (답십리동) 10층,37.5657983700541,127.054762202414,개방형,서울,서울특별시 동대문구_ 흡연 시설 현황,https://www.data.go.kr/data/15070168/fileData.do,verified,공식 흡연장소 전용 데이터셋
,서울특별시 노원구 월계동 산 63-1 초안산스포츠타운 내,37.638751,127.051135,밀폐형,서울,서울특별시 노원구_ 흡연 시설 현황,https://www.data.go.kr/data/15078097/fileData.do,verified,공식 흡연장소 전용 데이터셋
,서울특별시 노원구 덕릉로 145길 108 수락휴양림,37.680383,127.089795,밀폐형,서울,서울특별시 노원구_ 흡연 시설 현황,https://www.data.go.kr/data/15078097/fileData.do,verified,공식 흡연장소 전용 데이터셋
,천호대로 26(신설동) 옥상,37.5739642538357,127.025747086472,개방형,서울,서울특별시 동대문구_ 흡연 시설 현황,https://www.data.go.kr/data/15070168/fileData.do,verified,공식 흡연장소 전용 데이터셋
,왕산로 4(신설동) 옥상,37.5756082077054,127.024042802335,완전개방형,서울,서울특별시 동대문구_ 흡연 시설 현황,https://www.data.go.kr/data/15070168/fileData.do,verified,공식 흡연장소 전용 데이터셋
,청계천로 439(신설동) 1층,37.5713835380492,127.026138200864,완전개방형,서울,서울특별시 동대문구_ 흡연 시설 현황,https://www.data.go.kr/data/15070168/fileData.do,verified,공식 흡연장소 전용 데이터셋
,난계로30길 27(신설동)옥상,37.5742247112867,127.025002421723,완전개방형,서울,서울특별시 동대문구_ 흡연 시설 현황,https://www.data.go.kr/data/15070168/fileData.do,verified,공식 흡연장소 전용 데이터셋
,난계로 250(신설동) 옥상,37.5737694403859,127.023683024162,완전개방형,서울,서울특별시 동대문구_ 흡연 시설 현황,https://www.data.go.kr/data/15070168/fileData.do,verified,공식 흡연장소 전용 데이터셋
,난계로28길 23(신설동) 3층,37.5728962695458,127.024644945577,폐쇄형,서울,서울특별시 동대문구_ 흡연 시설 현황,https://www.data.go.kr/data/15070168/fileData.do,verified,공식 흡연장소 전용 데이터셋
,청계천로 447(신설동) 1층,37.5711192546846,127.027033723687,폐쇄형,서울,서울특별시 동대문구_ 흡연 시설 현황,https://www.data.go.kr/data/15070168/fileData.do,verified,공식 흡연장소 전용 데이터셋
,장한로 40(장안동) 옥상,37.5646952722392,127.067008264148,완전개방형,서울,서울특별시 동대문구_ 흡연 시설 현황,https://www.data.go.kr/data/15070168/fileData.do,verified,공식 흡연장소 전용 데이터셋
,이문로 199(이문동) 1층,37.6042880959431,127.061825100897,완전개방형,서울,서울특별시 동대문구_ 흡연 시설 현황,https://www.data.go.kr/data/15070168/fileData.do,verified,공식 흡연장소 전용 데이터셋
,이문로 156(이문동) 1층,37.6004462348816,127.062240801834,개방형,서울,서울특별시 동대문구_ 흡연 시설 현황,https://www.data.go.kr/data/15070168/fileData.do,verified,공식 흡연장소 전용 데이터셋
,이문로 156(이문동) 옥상,37.6004462348816,127.062240801834,완전개방형,서울,서울특별시 동대문구_ 흡연 시설 현황,https://www.data.go.kr/data/15070168/fileData.do,verified,공식 흡연장소 전용 데이터셋
,천호대로 151(용두동) 1층,37.5737131451548,127.040255857681,개방형,서울,서울특별시 동대문구_ 흡연 시설 현황,https://www.data.go.kr/data/15070168/fileData.do,verified,공식 흡연장소 전용 데이터셋
,한천로14길 87(장안동) 1층,37.5663466639111,127.067559393169,개방형,서울,서울특별시 동대문구_ 흡연 시설 현황,https://www.data.go.kr/data/15070168/fileData.do,verified,공식 흡연장소 전용 데이터셋
,장한로 91(장안동) 1층,37.569150253828,127.06933454445,개방형,서울,서울특별시 동대문구_ 흡연 시설 현황,https://www.data.go.kr/data/15070168/fileData.do,verified,공식 흡연장소 전용 데이터셋
,왕산로 127(제기동) 옥상,37.578447053923,127.037539938741,개방형,서울,서울특별시 동대문구_ 흡연 시설 현황,https://www.data.go.kr/data/15070168/fileData.do,verified,공식 흡연장소 전용 데이터셋
,왕산로 117(제기동) 옥상,37.5784958557261,127.036492900333,개방형,서울,서울특별시 동대문구_ 흡연 시설 현황,https://www.data.go.kr/data/15070168/fileData.do,verified,공식 흡연장소 전용 데이터셋
,천호대로 395 2(장안동) 옥상,37.562036941306,127.063142257849,개방형,서울,서울특별시 동대문구_ 흡연 시설 현황,https://www.data.go.kr/data/15070168/fileData.do,verified,공식 흡연장소 전용 데이터셋
,사가정로 203(전농동) 1층,37.5788395358196,127.067493697397,개방형,서울,서울특별시 동대문구_ 흡연 시설 현황,https://www.data.go.kr/data/15070168/fileData.do,verified,공식 흡연장소 전용 데이터셋
,사가정로 272(장안동) 1층,37.5796278483157,127.075049813045,개방형,서울,서울특별시 동대문구_ 흡연 시설 현황,https://www.data.go.kr/data/15070168/fileData.do,verified,공식 흡연장소 전용 데이터셋
,망우로 60(휘경동) 옥상,37.5891959795834,127.060027858609,개방형,서울,서울특별시 동대문구_ 흡연 시설 현황,https://www.data.go.kr/data/15070168/fileData.do,verified,공식 흡연장소 전용 데이터셋
,이문로 136(이문동) 1층,37.5984917221,127.061885756308,개방형,서울,서울특별시 동대문구_ 흡연 시설 현황,https://www.data.go.kr/data/15070168/fileData.do,verified,공식 흡연장소 전용 데이터셋
,장한로 47(장안동) 1층,37.5653718855278,127.066910622717,개방형,서울,서울특별시 동대문구_ 흡연 시설 현황,https://www.data.go.kr/data/15070168/fileData.do,verified,공식 흡연장소 전용 데이터셋
,답십리로64길 103(장안동) 1층,37.5684928971857,127.065206462878,개방형,서울,서울특별시 동대문구_ 흡연 시설 현황,https://www.data.go.kr/data/15070168/fileData.do,verified,공식 흡연장소 전용 데이터셋
,한천로 272(휘경동) 1층,37.5855246903034,127.068805033025,개방형,서울,서울특별시 동대문구_ 흡연 시설 현황,https://www.data.go.kr/data/15070168/fileData.do,verified,공식 흡연장소 전용 데이터셋
,회기로 66(청량리동) 1층,37.5907260121955,127.04489735201,개방형,서울,서울특별시 동대문구_ 흡연 시설 현황,https://www.data.go.kr/data/15070168/fileData.do,verified,공식 흡연장소 전용 데이터셋
,사가정로 229(장안동) 1층,37.5789468572164,127.070553264702,개방형,서울,서울특별시 동대문구_ 흡연 시설 현황,https://www.data.go.kr/data/15070168/fileData.do,verified,공식 흡연장소 전용 데이터셋
,회기로 123(회기동) 옥상,37.5916225506285,127.050352767796,개방형,서울,서울특별시 동대문구_ 흡연 시설 현황,https://www.data.go.kr/data/15070168/fileData.do,verified,공식 흡연장소 전용 데이터셋
,답십리로 294(장안동) 2층,37.5720388113853,127.072976778372,개방형,서울,서울특별시 동대문구_ 흡연 시설 현황,https://www.data.go.kr/data/15070168/fileData.do,verified,공식 흡연장소 전용 데이터셋
,이문로 197(이문동) 1층,37.6041196147328,127.061817600403,폐쇄형,서울,서울특별시 동대문구_ 흡연 시설 현황,https://www.data.go.kr/data/15070168/fileData.do,verified,공식 흡연장소 전용 데이터셋
,답십리로 303(장안동) 옥상,37.5724053882196,127.074050602096,완전개방형,서울,서울특별시 동대문구_ 흡연 시설 현황,https://www.data.go.kr/data/15070168/fileData.do,verified,공식 흡연장소 전용 데이터셋
,왕산로6(신설동) 1층,37.57572444023,127.024460789009,완전개방형,서울,서울특별시 동대문구_ 흡연 시설 현황,https://www.data.go.kr/data/15070168/fileData.do,verified,공식 흡연장소 전용 데이터셋
,왕산로6(신설동) 옥상,37.57572444023,127.024460789009,완전개방형,서울,서울특별시 동대문구_ 흡연 시설 현황,https://www.data.go.kr/data/15070168/fileData.do,verified,공식 흡연장소 전용 데이터셋
,천호대로 437(장안동) 옥상,37.5614063627819,127.067644798774,개방형,서울,서울특별시 동대문구_ 흡연 시설 현황,https://www.data.go.kr/data/15070168/fileData.do,verified,공식 흡연장소 전용 데이터셋
,천호대로 433(장안동) 1층,37.5614539694954,127.067111413053,폐쇄형,서울,서울특별시 동대문구_ 흡연 시설 현황,https://www.data.go.kr/data/15070168/fileData.do,verified,공식 흡연장소 전용 데이터셋
,장한로 22(장안동) 1층,37.56321714445,127.066126699769,개방형,서울,서울특별시 동대문구_ 흡연 시설 현황,https://www.data.go.kr/data/15070168/fileData.do,verified,공식 흡연장소 전용 데이터셋
,왕산로 71(용두동) 옥상,37.5782272500384,127.031219775252,개방형,서울,서울특별시 동대문구_ 흡연 시설 현황,https://www.data.go.kr/data/15070168/fileData.do,verified,공식 흡연장소 전용 데이터셋
,장안벚꽃로 279(휘경동) 1층,37.5838588135568,127.072616625893,폐쇄형,서울,서울특별시 동대문구_ 흡연 시설 현황,https://www.data.go.kr/data/15070168/fileData.do,verified,공식 흡연장소 전용 데이터셋
,한천로 77(답십리동) 테라스 6층,37.5686489562943,127.063206133523,개방형,서울,서울특별시 동대문구_ 흡연 시설 현황,https://www.data.go.kr/data/15070168/fileData.do,verified,공식 흡연장소 전용 데이터셋
,한천로 77(답십리동) 테라스 5층,37.5686489562943,127.063206133523,개방형,서울,서울특별시 동대문구_ 흡연 시설 현황,https://www.data.go.kr/data/15070168/fileData.do,verified,공식 흡연장소 전용 데이터셋
,한천로 77(답십리동) 테라스 4층,37.5686489562943,127.063206133523,개방형,서울,서울특별시 동대문구_ 흡연 시설 현황,https://www.data.go.kr/data/15070168/fileData.do,verified,공식 흡연장소 전용 데이터셋
,한천로 77(답십리동) 테라스 2층,37.5686489562943,127.063206133523,개방형,서울,서울특별시 동대문구_ 흡연 시설 현황,https://www.data.go.kr/data/15070168/fileData.do,verified,공식 흡연장소 전용 데이터셋
,장한로 120(장안동) 옥상,37.5710464187721,127.071267102333,개방형,서울,서울특별시 동대문구_ 흡연 시설 현황,https://www.data.go.kr/data/15070168/fileData.do,verified,공식 흡연장소 전용 데이터셋
,장한로10길 9(장안동) 1층,37.5654210405696,127.067926193236,개방형,서울,서울특별시 동대문구_ 흡연 시설 현황,https://www.data.go.kr/data/15070168/fileData.do,verified,공식 흡연장소 전용 데이터셋
,황물로 60(답십리동) 옥상,37.5721455163599,127.047719104053,개방형,서울,서울특별시 동대문구_ 흡연 시설 현황,https://www.data.go.kr/data/15070168/fileData.do,verified,공식 흡연장소 전용 데이터셋
,청계천로 439(용두동) 1층,37.5713835380492,127.026138200864,개방형,서울,서울특별시 동대문구_ 흡연 시설 현황,https://www.data.go.kr/data/15070168/fileData.do,verified,공식 흡연장소 전용 데이터셋
,천호대로 357(장안동) 1층,37.5627297158558,127.058963736499,개방형,서울,서울특별시 동대문구_ 흡연 시설 현황,https://www.data.go.kr/data/15070168/fileData.do,verified,공식 흡연장소 전용 데이터셋
,천호대로 381(장안동) 옥상,37.5623077160152,127.061385875063,개방형,서울,서울특별시 동대문구_ 흡연 시설 현황,https://www.data.go.kr/data/15070168/fileData.do,verified,공식 흡연장소 전용 데이터셋
,천호대로 393(장안동) 옥상,37.5622313185398,127.062743676063,개방형,서울,서울특별시 동대문구_ 흡연 시설 현황,https://www.data.go.kr/data/15070168/fileData.do,verified,공식 흡연장소 전용 데이터셋
,서울시 강북구 도봉로 242,37.6305848411628,127.024886365673,한국전력,서울,서울특별시 강북구_ 흡연 시설현황,https://www.data.go.kr/data/15049030/fileData.do,verified,공식 흡연장소 전용 데이터셋
,장한로6 옥상,37.5619048977678,127.065381587381,완전개방형,서울,서울특별시 동대문구_ 흡연 시설 현황,https://www.data.go.kr/data/15070168/fileData.do,verified,공식 흡연장소 전용 데이터셋
,천호대로 421 옥상,37.561626817119,127.065927224471,개방형,서울,서울특별시 동대문구_ 흡연 시설 현황,https://www.data.go.kr/data/15070168/fileData.do,verified,공식 흡연장소 전용 데이터셋
,왕산로 214 7층 옥상,37.584197400389,127.05114503929,개방형,서울,서울특별시 동대문구_ 흡연 시설 현황,https://www.data.go.kr/data/15070168/fileData.do,verified,공식 흡연장소 전용 데이터셋
,왕산로 214 3층,37.584197400389,127.05114503929,개방형,서울,서울특별시 동대문구_ 흡연 시설 현황,https://www.data.go.kr/data/15070168/fileData.do,verified,공식 흡연장소 전용 데이터셋
,왕산로 214 1층,37.584197400389,127.05114503929,개방형,서울,서울특별시 동대문구_ 흡연 시설 현황,https://www.data.go.kr/data/15070168/fileData.do,verified,공식 흡연장소 전용 데이터셋
,"장한로2길 33, 5층",37.5622935473111,127.067218332459,완전폐쇄형,서울,서울특별시 동대문구_ 흡연 시설 현황,https://www.data.go.kr/data/15070168/fileData.do,verified,공식 흡연장소 전용 데이터셋
,"장한로2길 33, 4층",37.5622935473111,127.067218332459,완전폐쇄형,서울,서울특별시 동대문구_ 흡연 시설 현황,https://www.data.go.kr/data/15070168/fileData.do,verified,공식 흡연장소 전용 데이터셋
,"장한로2길 33, 3층",37.5622935473111,127.067218332459,완전폐쇄형,서울,서울특별시 동대문구_ 흡연 시설 현황,https://www.data.go.kr/data/15070168/fileData.do,verified,공식 흡연장소 전용 데이터셋
,"장한로2길 33, 2층",37.5622935473111,127.067218332459,완전폐쇄형,서울,서울특별시 동대문구_ 흡연 시설 현황,https://www.data.go.kr/data/15070168/fileData.do,verified,공식 흡연장소 전용 데이터셋
,장한로 37(장안동) 1층,37.5646151436882,127.066423580454,개방형,서울,서울특별시 동대문구_ 흡연 시설 현황,https://www.data.go.kr/data/15070168/fileData.do,verified,공식 흡연장소 전용 데이터셋
,한빛로 12(신설동) 1층,37.5767579715876,127.024888817848,개방형,서울,서울특별시 동대문구_ 흡연 시설 현황,https://www.data.go.kr/data/15070168/fileData.do,verified,공식 흡연장소 전용 데이터셋
,왕산로 53(용두동) 1층,37.577680322657,127.029200839743,개방형,서울,서울특별시 동대문구_ 흡연 시설 현황,https://www.data.go.kr/data/15070168/fileData.do,verified,공식 흡연장소 전용 데이터셋
,회기로 37(청량리동) 1층,37.5915710783776,127.040069816483,개방형,서울,서울특별시 동대문구_ 흡연 시설 현황,https://www.data.go.kr/data/15070168/fileData.do,verified,공식 흡연장소 전용 데이터셋
,장한로2길 62(장안동) 1층,37.5615586281734,127.068587068249,개방형,서울,서울특별시 동대문구_ 흡연 시설 현황,https://www.data.go.kr/data/15070168/fileData.do,verified,공식 흡연장소 전용 데이터셋
,홍릉로 28(청량리동) 옥상,37.5828224947419,127.044683044631,개방형,서울,서울특별시 동대문구_ 흡연 시설 현황,https://www.data.go.kr/data/15070168/fileData.do,verified,공식 흡연장소 전용 데이터셋
,충정로60,37.5638625904566,126.966154870127,청사,서울,서울특별시_서대문구_ 흡연 시설 현황,https://www.data.go.kr/data/15040413/fileData.do,verified,공식 흡연장소 전용 데이터셋
,충정로36,37.5619610885508,126.964488428517,청사,서울,서울특별시_서대문구_ 흡연 시설 현황,https://www.data.go.kr/data/15040413/fileData.do,verified,공식 흡연장소 전용 데이터셋
,통일로97,37.5642133689349,126.966862806889,청사,서울,서울특별시_서대문구_ 흡연 시설 현황,https://www.data.go.kr/data/15040413/fileData.do,verified,공식 흡연장소 전용 데이터셋
,통일로113,37.5650853221302,126.967074308467,청사,서울,서울특별시_서대문구_ 흡연 시설 현황,https://www.data.go.kr/data/15040413/fileData.do,verified,공식 흡연장소 전용 데이터셋
,성산로20길 9,37.5608435385878,126.932090752181,청사,서울,서울특별시_서대문구_ 흡연 시설 현황,https://www.data.go.kr/data/15040413/fileData.do,verified,공식 흡연장소 전용 데이터셋
,서소문로51,37.5619103906883,126.966751322883,청사,서울,서울특별시_서대문구_ 흡연 시설 현황,https://www.data.go.kr/data/15040413/fileData.do,verified,공식 흡연장소 전용 데이터셋
,연희로182,37.57320485877,126.935995916827,청사,서울,서울특별시_서대문구_ 흡연 시설 현황,https://www.data.go.kr/data/15040413/fileData.do,verified,공식 흡연장소 전용 데이터셋
,연희로248,37.5791546257808,126.936759175119,청사,서울,서울특별시_서대문구_ 흡연 시설 현황,https://www.data.go.kr/data/15040413/fileData.do,verified,공식 흡연장소 전용 데이터셋
,서울시 강북구 도봉로 62,37.6145929759749,127.030517678336,롯데백화점,서울,서울특별시 강북구_ 흡연 시설현황,https://www.data.go.kr/data/15049030/fileData.do,verified,공식 흡연장소 전용 데이터셋
,서울시 강북구 솔샘로 223,37.6202802179461,127.017573969681,삼미통산,서울,서울특별시 강북구_ 흡연 시설현황,https://www.data.go.kr/data/15049030/fileData.do,verified,공식 흡연장소 전용 데이터셋
,서울시 강북구 도봉로 238,37.6297124410256,127.025194099065,SK텔레콤,서울,서울특별시 강북구_ 흡연 시설현황,https://www.data.go.kr/data/15049030/fileData.do,verified,공식 흡연장소 전용 데이터셋
,서울시 강북구 덕릉로40길 74,37.634162368067,127.033671249468,강북전자공단,서울,서울특별시 강북구_ 흡연 시설현황,https://www.data.go.kr/data/15049030/fileData.do,verified,공식 흡연장소 전용 데이터셋
,서울시 강북구 오현로 145,37.6251153938762,127.036079668809,강북문화정보도서관,서울,서울특별시 강북구_ 흡연 시설현황,https://www.data.go.kr/data/15049030/fileData.do,verified,공식 흡연장소 전용 데이터셋
,서울시 강북구 한천로 913,37.6337500655502,127.036729834151,서울북부도로사업소,서울,서울특별시 강북구_ 흡연 시설현황,https://www.data.go.kr/data/15049030/fileData.do,verified,공식 흡연장소 전용 데이터셋
,서울시 강북구 오패산로 406,37.6371702113794,127.02704154856,강북경찰서,서울,서울특별시 강북구_ 흡연 시설현황,https://www.data.go.kr/data/15049030/fileData.do,verified,공식 흡연장소 전용 데이터셋
,서울시 강북구 삼각산로 089,37.6406716210098,127.01411386777,강북구의회,서울,서울특별시 강북구_ 흡연 시설현황,https://www.data.go.kr/data/15049030/fileData.do,verified,공식 흡연장소 전용 데이터셋
,서소문로21,37.5598942603947,126.964085809305,"1,000제곱미터이상 건축물",서울,서울특별시_서대문구_ 흡연 시설 현황,https://www.data.go.kr/data/15040413/fileData.do,verified,공식 흡연장소 전용 데이터셋
,충정로50,37.5629623784739,126.965134917115,"1,000제곱미터이상 건축물",서울,서울특별시_서대문구_ 흡연 시설 현황,https://www.data.go.kr/data/15040413/fileData.do,verified,공식 흡연장소 전용 데이터셋
,충정로70,37.5647723855124,126.966361817953,"1,000제곱미터이상 건축물",서울,서울특별시_서대문구_ 흡연 시설 현황,https://www.data.go.kr/data/15040413/fileData.do,verified,공식 흡연장소 전용 데이터셋
,통일로135,37.5664280652901,126.965458383486,"1,000제곱미터이상 건축물",서울,서울특별시_서대문구_ 흡연 시설 현황,https://www.data.go.kr/data/15040413/fileData.do,verified,공식 흡연장소 전용 데이터셋
,충정로29,37.5619391110489,126.963331706929,"1,000제곱미터이상 건축물",서울,서울특별시_서대문구_ 흡연 시설 현황,https://www.data.go.kr/data/15040413/fileData.do,verified,공식 흡연장소 전용 데이터셋
,경기대로9,37.5603023007769,126.961724437774,"1,000제곱미터이상 건축물",서울,서울특별시_서대문구_ 흡연 시설 현황,https://www.data.go.kr/data/15040413/fileData.do,verified,공식 흡연장소 전용 데이터셋
,경기대로47,37.5638209021699,126.96237696604,"1,000제곱미터이상 건축물",서울,서울특별시_서대문구_ 흡연 시설 현황,https://www.data.go.kr/data/15040413/fileData.do,verified,공식 흡연장소 전용 데이터셋
,수색로56,37.5708154693004,126.912242300278,"1,000제곱미터이상 건축물",서울,서울특별시_서대문구_ 흡연 시설 현황,https://www.data.go.kr/data/15040413/fileData.do,verified,공식 흡연장소 전용 데이터셋
,성산로263,37.5673380132282,126.919616379824,"1,000제곱미터이상 건축물",서울,서울특별시_서대문구_ 흡연 시설 현황,https://www.data.go.kr/data/15040413/fileData.do,verified,공식 흡연장소 전용 데이터셋
,성산로321,37.5666012204069,126.926019435938,"1,000제곱미터이상 건축물",서울,서울특별시_서대문구_ 흡연 시설 현황,https://www.data.go.kr/data/15040413/fileData.do,verified,공식 흡연장소 전용 데이터셋
,신촌로197,37.5572237320514,126.947952602064,학원,서울,서울특별시_서대문구_ 흡연 시설 현황,https://www.data.go.kr/data/15040413/fileData.do,verified,공식 흡연장소 전용 데이터셋
,거북골로34,37.5803770223812,126.921348530876,대학교,서울,서울특별시_서대문구_ 흡연 시설 현황,https://www.data.go.kr/data/15040413/fileData.do,verified,공식 흡연장소 전용 데이터셋
,가좌로134,37.5852831941405,126.925647822893,대학교,서울,서울특별시_서대문구_ 흡연 시설 현황,https://www.data.go.kr/data/15040413/fileData.do,verified,공식 흡연장소 전용 데이터셋
,통일로37길 51,37.5860511439424,126.944363060915,대학교,서울,서울특별시_서대문구_ 흡연 시설 현황,https://www.data.go.kr/data/15040413/fileData.do,verified,공식 흡연장소 전용 데이터셋
,경기대로44,37.5631813118669,126.962461836915,대학교,서울,서울특별시_서대문구_ 흡연 시설 현황,https://www.data.go.kr/data/15040413/fileData.do,verified,공식 흡연장소 전용 데이터셋
,연세로50-1,37.563674036531,126.941917689273,의료기관,서울,서울특별시_서대문구_ 흡연 시설 현황,https://www.data.go.kr/data/15040413/fileData.do,verified,공식 흡연장소 전용 데이터셋
제일당구클럽,해남읍 수성2길 33,34.5720341704492,126.599626670278,,전남,전남광주통합특별시 해남군_ 흡연구역 정보,https://www.data.go.kr/data/15029227/fileData.do,verified,공식 흡연장소 전용 데이터셋
해남골프존,해남읍 남부순환로 175,34.5665072063632,126.592958002834,,전남,전남광주통합특별시 해남군_ 흡연구역 정보,https://www.data.go.kr/data/15029227/fileData.do,verified,공식 흡연장소 전용 데이터셋
공간당구클럽,해남읍 구교2길 41,34.5785015531843,126.593088197595,,전남,전남광주통합특별시 해남군_ 흡연구역 정보,https://www.data.go.kr/data/15029227/fileData.do,verified,공식 흡연장소 전용 데이터셋
즐거운당구장,문내면 우수영안길 4-1,34.595093546822,126.310598042081,,전남,전남광주통합특별시 해남군_ 흡연구역 정보,https://www.data.go.kr/data/15029227/fileData.do,verified,공식 흡연장소 전용 데이터셋
하얀까망당구장,문내면 우수영로 10-12,34.5969116693336,126.312203977333,,전남,전남광주통합특별시 해남군_ 흡연구역 정보,https://www.data.go.kr/data/15029227/fileData.do,verified,공식 흡연장소 전용 데이터셋
,신촌로83,37.5560830579515,126.935844876509,대규모점포,서울,서울특별시_서대문구_ 흡연 시설 현황,https://www.data.go.kr/data/15040413/fileData.do,verified,공식 흡연장소 전용 데이터셋
,연세로13,37.5567378385686,126.936559696179,"1,000제곱미터이상 건축물",서울,서울특별시_서대문구_ 흡연 시설 현황,https://www.data.go.kr/data/15040413/fileData.do,verified,공식 흡연장소 전용 데이터셋
,충정로23,37.5611430497586,126.962944675196,"1,000제곱미터이상 건축물",서울,서울특별시_서대문구_ 흡연 시설 현황,https://www.data.go.kr/data/15040413/fileData.do,verified,공식 흡연장소 전용 데이터셋
,신촌로113,37.5559736844642,126.938569863979,"1,000제곱미터이상 건축물",서울,서울특별시_서대문구_ 흡연 시설 현황,https://www.data.go.kr/data/15040413/fileData.do,verified,공식 흡연장소 전용 데이터셋
,신촌로183,37.5570713640316,126.94632173155,"1,000제곱미터이상 건축물",서울,서울특별시_서대문구_ 흡연 시설 현황,https://www.data.go.kr/data/15040413/fileData.do,verified,공식 흡연장소 전용 데이터셋
,신촌로231,37.5574231380096,126.951588932214,"1,000제곱미터이상 건축물",서울,서울특별시_서대문구_ 흡연 시설 현황,https://www.data.go.kr/data/15040413/fileData.do,verified,공식 흡연장소 전용 데이터셋
,연희로407,37.5912879829227,126.940485307056,"1,000제곱미터이상 건축물",서울,서울특별시_서대문구_ 흡연 시설 현황,https://www.data.go.kr/data/15040413/fileData.do,verified,공식 흡연장소 전용 데이터셋
,신촌로73,37.5563071297207,126.934520427944,"1,000제곱미터이상 건축물",서울,서울특별시_서대문구_ 흡연 시설 현황,https://www.data.go.kr/data/15040413/fileData.do,verified,공식 흡연장소 전용 데이터셋
,연희로142,37.5699331641167,126.933707418218,"1,000제곱미터이상 건축물",서울,서울특별시_서대문구_ 흡연 시설 현황,https://www.data.go.kr/data/15040413/fileData.do,verified,공식 흡연장소 전용 데이터셋
,서소문로45,37.5612754883275,126.966222138839,"1,000제곱미터이상 건축물",서울,서울특별시_서대문구_ 흡연 시설 현황,https://www.data.go.kr/data/15040413/fileData.do,verified,공식 흡연장소 전용 데이터셋
,충정로8,37.5597337023595,126.963206705404,"1,000제곱미터이상 건축물",서울,서울특별시_서대문구_ 흡연 시설 현황,https://www.data.go.kr/data/15040413/fileData.do,verified,공식 흡연장소 전용 데이터셋
해남병원,해남읍 해남로 45,34.5710942631921,126.612511024308,,전남,전남광주통합특별시 해남군_ 흡연구역 정보,https://www.data.go.kr/data/15029227/fileData.do,verified,공식 흡연장소 전용 데이터셋
해남우리종합병원,옥천면 해남로 597,34.5843791552937,126.646895885183,,전남,전남광주통합특별시 해남군_ 흡연구역 정보,https://www.data.go.kr/data/15029227/fileData.do,verified,공식 흡연장소 전용 데이터셋
황산당구장,황산면 시등로 111 (황산대흥마트),34.575657435447,126.432227383757,,전남,전남광주통합특별시 해남군_ 흡연구역 정보,https://www.data.go.kr/data/15029227/fileData.do,verified,공식 흡연장소 전용 데이터셋
대산당구장,화원면 금평길 8,34.6688648363931,126.328499465015,,전남,전남광주통합특별시 해남군_ 흡연구역 정보,https://www.data.go.kr/data/15029227/fileData.do,verified,공식 흡연장소 전용 데이터셋
스카이당구장,해남읍 홍교로 54,34.568731891582,126.600220713123,,전남,전남광주통합특별시 해남군_ 흡연구역 정보,https://www.data.go.kr/data/15029227/fileData.do,verified,공식 흡연장소 전용 데이터셋
중앙당구장,해남읍 읍내리 31-2번지,34.5709768100761,126.599223076868,,전남,전남광주통합특별시 해남군_ 흡연구역 정보,https://www.data.go.kr/data/15029227/fileData.do,verified,공식 흡연장소 전용 데이터셋
한양당구클럽,해남읍 영빈로 1,34.5681591092199,126.601486558814,,전남,전남광주통합특별시 해남군_ 흡연구역 정보,https://www.data.go.kr/data/15029227/fileData.do,verified,공식 흡연장소 전용 데이터셋
,경상북도 칠곡군 왜관읍 석전로 39,35.998852,128.402452,,경북,경상북도_칠곡군_ 흡연 구역 정보,https://www.data.go.kr/data/15033733/fileData.do,verified,공식 흡연장소 전용 데이터셋
,경상북도 칠곡군 왜관읍 달오1길 13,35.976145,128.403928,,경북,경상북도_칠곡군_ 흡연 구역 정보,https://www.data.go.kr/data/15033733/fileData.do,verified,공식 흡연장소 전용 데이터셋
,경상북도 칠곡군 왜관읍 군청4길 6,35.998048,128.401561,,경북,경상북도_칠곡군_ 흡연 구역 정보,https://www.data.go.kr/data/15033733/fileData.do,verified,공식 흡연장소 전용 데이터셋
,서울특별시 중구 한강대로 416,37.555503632236,126.973751343837,부분폐쇄형,서울,서울특별시 중구_ 흡연 구역 정보,https://www.data.go.kr/data/15080296/fileData.do,verified,공식 흡연장소 전용 데이터셋
,서울특별시 중구 장충단로 275,37.5688849422849,127.008775114213,개,서울,서울특별시 중구_ 흡연 구역 정보,https://www.data.go.kr/data/15080296/fileData.do,verified,공식 흡연장소 전용 데이터셋
,서울특별시 중구 삼일대로 363,37.5671565387212,126.987052299704,개방형,서울,서울특별시 중구_ 흡연 구역 정보,https://www.data.go.kr/data/15080296/fileData.do,verified,공식 흡연장소 전용 데이터셋
,서울특별시 중구 을지로 66,37.5651546444578,126.985010733916,부분폐쇄형,서울,서울특별시 중구_ 흡연 구역 정보,https://www.data.go.kr/data/15080296/fileData.do,verified,공식 흡연장소 전용 데이터셋
,서울특별시 중구 을지로 35,37.5664918220199,126.981865819602,부분폐쇄형,서울,서울특별시 중구_ 흡연 구역 정보,https://www.data.go.kr/data/15080296/fileData.do,verified,공식 흡연장소 전용 데이터셋
,서울특별시 중구 남대문로 81,37.5647299033135,126.981730421825,부분폐쇄형,서울,서울특별시 중구_ 흡연 구역 정보,https://www.data.go.kr/data/15080296/fileData.do,verified,공식 흡연장소 전용 데이터셋
,경상북도 칠곡군 왜관읍 중앙로 247-1,35.998095,128.39863,,경북,경상북도_칠곡군_ 흡연 구역 정보,https://www.data.go.kr/data/15033733/fileData.do,verified,공식 흡연장소 전용 데이터셋
,"경상북도 칠곡군 왜관읍 전원3길 12, 2층",35.983774,128.399609,,경북,경상북도_칠곡군_ 흡연 구역 정보,https://www.data.go.kr/data/15033733/fileData.do,verified,공식 흡연장소 전용 데이터셋
,경상북도 칠곡군 왜관읍 자조1길 27,35.982849,128.395732,,경북,경상북도_칠곡군_ 흡연 구역 정보,https://www.data.go.kr/data/15033733/fileData.do,verified,공식 흡연장소 전용 데이터셋
,경상북도 칠곡군 왜관읍 2번도로길 90-1,35.996768,128.39744,,경북,경상북도_칠곡군_ 흡연 구역 정보,https://www.data.go.kr/data/15033733/fileData.do,verified,공식 흡연장소 전용 데이터셋
,경상북도 칠곡군 북삼읍 금오대로2길 62,36.069155,128.352014,,경북,경상북도_칠곡군_ 흡연 구역 정보,https://www.data.go.kr/data/15033733/fileData.do,verified,공식 흡연장소 전용 데이터셋
,"경상북도 칠곡군 북삼읍 금오대로1길 2, 3층",36.071091,128.347252,,경북,경상북도_칠곡군_ 흡연 구역 정보,https://www.data.go.kr/data/15033733/fileData.do,verified,공식 흡연장소 전용 데이터셋
,경상북도 칠곡군 북삼읍 금오대로1길 2,36.071091,128.347252,,경북,경상북도_칠곡군_ 흡연 구역 정보,https://www.data.go.kr/data/15033733/fileData.do,verified,공식 흡연장소 전용 데이터셋
,경상북도 칠곡군 북삼읍 금오대로1길 1,36.071426,128.346142,,경북,경상북도_칠곡군_ 흡연 구역 정보,https://www.data.go.kr/data/15033733/fileData.do,verified,공식 흡연장소 전용 데이터셋
,경상북도 칠곡군 북삼읍 금오대로 268 (북삼농협 금오지점),36.070096,128.347145,,경북,경상북도_칠곡군_ 흡연 구역 정보,https://www.data.go.kr/data/15033733/fileData.do,verified,공식 흡연장소 전용 데이터셋
,경상북도 칠곡군 왜관읍 군청1길 80,35.995517,128.401758,,경북,경상북도_칠곡군_ 흡연 구역 정보,https://www.data.go.kr/data/15033733/fileData.do,verified,공식 흡연장소 전용 데이터셋
,경상북도 칠곡군 왜관읍 중앙로2길 48-1,35.991729,128.398512,,경북,경상북도_칠곡군_ 흡연 구역 정보,https://www.data.go.kr/data/15033733/fileData.do,verified,공식 흡연장소 전용 데이터셋
,경상북도 칠곡군 왜관읍 중앙로2길 29  (236-26(1층)),35.993661,128.398694,,경북,경상북도_칠곡군_ 흡연 구역 정보,https://www.data.go.kr/data/15033733/fileData.do,verified,공식 흡연장소 전용 데이터셋
,경상북도 칠곡군 왜관읍 중앙로 246,35.998017,128.399193,,경북,경상북도_칠곡군_ 흡연 구역 정보,https://www.data.go.kr/data/15033733/fileData.do,verified,공식 흡연장소 전용 데이터셋
,경상북도 칠곡군 북삼읍 북삼로 8,36.070409,128.345964,,경북,경상북도_칠곡군_ 흡연 구역 정보,https://www.data.go.kr/data/15033733/fileData.do,verified,공식 흡연장소 전용 데이터셋
,경상북도 칠곡군 북삼읍 금오대로2길 56 (월스포츠2층),36.067928,128.351347,,경북,경상북도_칠곡군_ 흡연 구역 정보,https://www.data.go.kr/data/15033733/fileData.do,verified,공식 흡연장소 전용 데이터셋
,경상북도 칠곡군 북삼읍 금오대로 266,36.070159,128.347013,,경북,경상북도_칠곡군_ 흡연 구역 정보,https://www.data.go.kr/data/15033733/fileData.do,verified,공식 흡연장소 전용 데이터셋
,경상북도 칠곡군 석적읍 유학로 65,36.076931,128.416517,,경북,경상북도_칠곡군_ 흡연 구역 정보,https://www.data.go.kr/data/15033733/fileData.do,verified,공식 흡연장소 전용 데이터셋
,경상북도 칠곡군 왜관읍 공단로4길 18-12,35.967033,128.418352,,경북,경상북도_칠곡군_ 흡연 구역 정보,https://www.data.go.kr/data/15033733/fileData.do,verified,공식 흡연장소 전용 데이터셋
,경상북도 칠곡군 왜관읍 공단로 198-3,35.967847,128.417668,,경북,경상북도_칠곡군_ 흡연 구역 정보,https://www.data.go.kr/data/15033733/fileData.do,verified,공식 흡연장소 전용 데이터셋
,"경상북도 칠곡군 석적읍 유학로 10-1, 3층",36.079596,128.411335,,경북,경상북도_칠곡군_ 흡연 구역 정보,https://www.data.go.kr/data/15033733/fileData.do,verified,공식 흡연장소 전용 데이터셋
,경상북도 칠곡군 석적읍 북중리3길 37,36.07838,128.410118,,경북,경상북도_칠곡군_ 흡연 구역 정보,https://www.data.go.kr/data/15033733/fileData.do,verified,공식 흡연장소 전용 데이터셋
,경상북도 칠곡군 석적읍 북중리3길 26,36.077301,128.409602,,경북,경상북도_칠곡군_ 흡연 구역 정보,https://www.data.go.kr/data/15033733/fileData.do,verified,공식 흡연장소 전용 데이터셋
,경상북도 칠곡군 석적읍 북중리11길 15,36.077683,128.412383,,경북,경상북도_칠곡군_ 흡연 구역 정보,https://www.data.go.kr/data/15033733/fileData.do,verified,공식 흡연장소 전용 데이터셋
,경상북도 칠곡군 석적읍 동중리1길 17,36.076454,128.413048,,경북,경상북도_칠곡군_ 흡연 구역 정보,https://www.data.go.kr/data/15033733/fileData.do,verified,공식 흡연장소 전용 데이터셋
,경상북도 칠곡군 석적읍 동중리1길 16-1,36.076017,128.413107,,경북,경상북도_칠곡군_ 흡연 구역 정보,https://www.data.go.kr/data/15033733/fileData.do,verified,공식 흡연장소 전용 데이터셋
,"경상북도 칠곡군 석적읍 강변대로 2446, 3층",36.080995,128.410426,,경북,경상북도_칠곡군_ 흡연 구역 정보,https://www.data.go.kr/data/15033733/fileData.do,verified,공식 흡연장소 전용 데이터셋
,"경상북도 칠곡군 왜관읍 중앙로2길 36, 4층",35.992965,128.398184,,경북,경상북도_칠곡군_ 흡연 구역 정보,https://www.data.go.kr/data/15033733/fileData.do,verified,공식 흡연장소 전용 데이터셋
,경상북도 칠곡군 왜관읍 중앙로 98,35.98453,128.398999,,경북,경상북도_칠곡군_ 흡연 구역 정보,https://www.data.go.kr/data/15033733/fileData.do,verified,공식 흡연장소 전용 데이터셋
,"경상북도 칠곡군 왜관읍 중앙로 95-3, 2층",36.004187,128.402124,,경북,경상북도_칠곡군_ 흡연 구역 정보,https://www.data.go.kr/data/15033733/fileData.do,verified,공식 흡연장소 전용 데이터셋
,"경상북도 칠곡군 왜관읍 중앙로 91, 2층",35.984027,128.398357,,경북,경상북도_칠곡군_ 흡연 구역 정보,https://www.data.go.kr/data/15033733/fileData.do,verified,공식 흡연장소 전용 데이터셋
,"경상북도 칠곡군 왜관읍 중앙로 84, 2층",35.983385,128.399225,,경북,경상북도_칠곡군_ 흡연 구역 정보,https://www.data.go.kr/data/15033733/fileData.do,verified,공식 흡연장소 전용 데이터셋
,경상북도 칠곡군 왜관읍 중앙로 74,35.982389,128.398956,,경북,경상북도_칠곡군_ 흡연 구역 정보,https://www.data.go.kr/data/15033733/fileData.do,verified,공식 흡연장소 전용 데이터셋
각북면사무소,경상북도 청도군 각북면 헐티로 801,35.6873035897791,128.589276435443,,경북,경상북도_청도군_ 흡연 구역 위치정보,https://www.data.go.kr/data/15030755/fileData.do,verified,공식 흡연장소 전용 데이터셋
풍각면사무소,경상북도 청도군 풍각면 송서로 70,35.6388889069566,128.618379955117,,경북,경상북도_청도군_ 흡연 구역 위치정보,https://www.data.go.kr/data/15030755/fileData.do,verified,공식 흡연장소 전용 데이터셋
각남면사무소,경상북도 청도군 각남면 각남로 74,35.6418205803972,128.65894354298,,경북,경상북도_청도군_ 흡연 구역 위치정보,https://www.data.go.kr/data/15030755/fileData.do,verified,공식 흡연장소 전용 데이터셋
이서면사무소,경상북도 청도군 이서면 이서로 145-18,35.663237439392,128.670577651288,,경북,경상북도_청도군_ 흡연 구역 위치정보,https://www.data.go.kr/data/15030755/fileData.do,verified,공식 흡연장소 전용 데이터셋
화양읍사무소,경상북도 청도군 화양읍 도주관로 159,35.6498335405724,128.70617635324,,경북,경상북도_청도군_ 흡연 구역 위치정보,https://www.data.go.kr/data/15030755/fileData.do,verified,공식 흡연장소 전용 데이터셋
청도읍사무소,경상북도 청도군 청도읍 청화로 137,35.6454340028757,128.741283618506,,경북,경상북도_청도군_ 흡연 구역 위치정보,https://www.data.go.kr/data/15030755/fileData.do,verified,공식 흡연장소 전용 데이터셋
청도군청,경상북도 청도군 화양읍 청화로 70,35.647252575783,128.733999266077,,경북,경상북도_청도군_ 흡연 구역 위치정보,https://www.data.go.kr/data/15030755/fileData.do,verified,공식 흡연장소 전용 데이터셋
,서울특별시 송파구 법원로 128,37.4868314347245,127.120453991896,개방형 실외 흡연실,서울,서울특별시 송파구_실외 흡연 구역 위치,https://www.data.go.kr/data/15067591/fileData.do,verified,공식 흡연장소 전용 데이터셋
,서울특별시 송파구 충민로66,37.4776148442516,127.124961768886,밀폐형 실외 흡연실,서울,서울특별시 송파구_실외 흡연 구역 위치,https://www.data.go.kr/data/15067591/fileData.do,verified,공식 흡연장소 전용 데이터셋
,서울특별시 송파구 법원로11길 7,37.4852991782959,127.119391411935,개방형 실외 흡연실,서울,서울특별시 송파구_실외 흡연 구역 위치,https://www.data.go.kr/data/15067591/fileData.do,verified,공식 흡연장소 전용 데이터셋
,서울특별시 송파구 올림픽로 300,37.5137129859207,127.104301829165,밀폐형 실외 흡연실,서울,서울특별시 송파구_실외 흡연 구역 위치,https://www.data.go.kr/data/15067591/fileData.do,verified,공식 흡연장소 전용 데이터셋
,"경상북도 칠곡군 석적읍 유학로 30, 2층",36.078434,128.412984,,경북,경상북도_칠곡군_ 흡연 구역 정보,https://www.data.go.kr/data/15033733/fileData.do,verified,공식 흡연장소 전용 데이터셋
,경상북도 칠곡군 석적읍 서중리1길 20,36.07803,128.403205,,경북,경상북도_칠곡군_ 흡연 구역 정보,https://www.data.go.kr/data/15033733/fileData.do,verified,공식 흡연장소 전용 데이터셋
,"경상북도 칠곡군 석적읍 북중리3길 48, 2층",36.078883,128.411408,,경북,경상북도_칠곡군_ 흡연 구역 정보,https://www.data.go.kr/data/15033733/fileData.do,verified,공식 흡연장소 전용 데이터셋
,"경상북도 칠곡군 석적읍 북중리3길 42, 2층",36.078418,128.410717,,경북,경상북도_칠곡군_ 흡연 구역 정보,https://www.data.go.kr/data/15033733/fileData.do,verified,공식 흡연장소 전용 데이터셋
,경상북도 칠곡군 석적읍 남중리6길 14,36.073769,128.412004,,경북,경상북도_칠곡군_ 흡연 구역 정보,https://www.data.go.kr/data/15033733/fileData.do,verified,공식 흡연장소 전용 데이터셋
,울산광역시 북구 산업로 1103 (송정동) 울산공항,35.593546098694,129.356473479956,교통시설,울산,울산광역시 북구_ 흡연구역,https://www.data.go.kr/data/15166276/fileData.do,verified,공식 흡연장소 전용 데이터셋
,울산광역시 북구 산업로 1007 (연암동) 울산시티병원,35.5828156481097,129.359017570477,의료기관,울산,울산광역시 북구_ 흡연구역,https://www.data.go.kr/data/15166276/fileData.do,verified,공식 흡연장소 전용 데이터셋
,울산광역시 북구 염포로 353 (양정동) BB요양병원,35.5593563205911,129.378026590265,의료기관,울산,울산광역시 북구_ 흡연구역,https://www.data.go.kr/data/15166276/fileData.do,verified,공식 흡연장소 전용 데이터셋
,울산광역시 북구 호계로 285 (호계동) 엘리야병원,35.628900547841,129.350583771654,의료기관,울산,울산광역시 북구_ 흡연구역,https://www.data.go.kr/data/15166276/fileData.do,verified,공식 흡연장소 전용 데이터셋
청도역,경상북도 청도군 청도읍 청화로 214,35.6397126574615,128.74638125831,,경북,경상북도_청도군_ 흡연 구역 위치정보,https://www.data.go.kr/data/15030755/fileData.do,verified,공식 흡연장소 전용 데이터셋
청도병원,경상북도 청도군 청도읍 고수산복길 198,35.6331467409894,128.750820631981,,경북,경상북도_청도군_ 흡연 구역 위치정보,https://www.data.go.kr/data/15030755/fileData.do,verified,공식 흡연장소 전용 데이터셋
청도군보건소,경상북도 청도군 화양읍 청화로 79-11,35.648625862182,128.737261285602,,경북,경상북도_청도군_ 흡연 구역 위치정보,https://www.data.go.kr/data/15030755/fileData.do,verified,공식 흡연장소 전용 데이터셋
제로pc방,경상북도 청도군 풍각면 봉기로 143-2,35.640815713832,128.614290199759,,경북,경상북도_청도군_ 흡연 구역 위치정보,https://www.data.go.kr/data/15030755/fileData.do,verified,공식 흡연장소 전용 데이터셋
팝코pc방,경상북도 청도군 청도읍 청화로 142,35.644415362575,128.741518850807,,경북,경상북도_청도군_ 흡연 구역 위치정보,https://www.data.go.kr/data/15030755/fileData.do,verified,공식 흡연장소 전용 데이터셋
아쿠아피시방,경상북도 청도군 청도읍 고수산복길 3,35.6469452861363,128.737693330508,,경북,경상북도_청도군_ 흡연 구역 위치정보,https://www.data.go.kr/data/15030755/fileData.do,verified,공식 흡연장소 전용 데이터셋
한국수자원공사운문댐관리공단,경상북도 청도군 운문면 대천산 143,35.7185941916748,128.916079824034,,경북,경상북도_청도군_ 흡연 구역 위치정보,https://www.data.go.kr/data/15030755/fileData.do,verified,공식 흡연장소 전용 데이터셋
청도경찰서,경상북도 청도군 청도읍 새마을로 1362,35.6537344001594,128.750222251971,,경북,경상북도_청도군_ 흡연 구역 위치정보,https://www.data.go.kr/data/15030755/fileData.do,verified,공식 흡연장소 전용 데이터셋
농업기술센터,경상북도 청도군 화양읍 청화3길 10,35.6492121786203,128.734484132867,,경북,경상북도_청도군_ 흡연 구역 위치정보,https://www.data.go.kr/data/15030755/fileData.do,verified,공식 흡연장소 전용 데이터셋
운문면사무소,경상북도 청도군 운문면 청려로 4707,35.7156852314531,128.913508349746,,경북,경상북도_청도군_ 흡연 구역 위치정보,https://www.data.go.kr/data/15030755/fileData.do,verified,공식 흡연장소 전용 데이터셋
금천면사무소,경상북도 청도군 금천면 선암로 575,35.6871815636696,128.892416276552,,경북,경상북도_청도군_ 흡연 구역 위치정보,https://www.data.go.kr/data/15030755/fileData.do,verified,공식 흡연장소 전용 데이터셋
매전면사무소,경상북도 청도군 매전면 청려로 3693,35.6668035602148,128.855350620534,,경북,경상북도_청도군_ 흡연 구역 위치정보,https://www.data.go.kr/data/15030755/fileData.do,verified,공식 흡연장소 전용 데이터셋
,서울특별시 구로구 디지털로34길 55,37.48428564,126.8992821,복합건축물,서울,서울특별시 구로구_실외 흡연 시설,https://www.data.go.kr/data/15069274/fileData.do,verified,공식 흡연장소 전용 데이터셋
,서울특별시 구로구 디지털로33길 27,37.4860566,126.8946693,복합건축물,서울,서울특별시 구로구_실외 흡연 시설,https://www.data.go.kr/data/15069274/fileData.do,verified,공식 흡연장소 전용 데이터셋
,서울특별시 구로구 디지털로32길 30,37.48338954,126.8965199,복합건축물,서울,서울특별시 구로구_실외 흡연 시설,https://www.data.go.kr/data/15069274/fileData.do,verified,공식 흡연장소 전용 데이터셋
,서울특별시 구로구 디지털로34길 27,37.48547262,126.8982231,복합건축물,서울,서울특별시 구로구_실외 흡연 시설,https://www.data.go.kr/data/15069274/fileData.do,verified,공식 흡연장소 전용 데이터셋
,서울특별시 구로구 디지털로 306,37.48592317,126.8973364,복합건축물,서울,서울특별시 구로구_실외 흡연 시설,https://www.data.go.kr/data/15069274/fileData.do,verified,공식 흡연장소 전용 데이터셋
,서울특별시 구로구 디지털로 288,37.48356957,126.8955028,복합건축물,서울,서울특별시 구로구_실외 흡연 시설,https://www.data.go.kr/data/15069274/fileData.do,verified,공식 흡연장소 전용 데이터셋
,서울특별시 구로구 디지털로 300,37.48492704,126.896538,복합건축물,서울,서울특별시 구로구_실외 흡연 시설,https://www.data.go.kr/data/15069274/fileData.do,verified,공식 흡연장소 전용 데이터셋
,서울특별시 구로구 디지털로 243,37.48199214,126.8923489,복합건축물,서울,서울특별시 구로구_실외 흡연 시설,https://www.data.go.kr/data/15069274/fileData.do,verified,공식 흡연장소 전용 데이터셋
,서울특별시 구로구 구로동로 148,37.49117964,126.8846377,의료기관,서울,서울특별시 구로구_실외 흡연 시설,https://www.data.go.kr/data/15069274/fileData.do,verified,공식 흡연장소 전용 데이터셋
,서울특별시 구로구 경인로 427,37.49964687,126.8663582,의료기관,서울,서울특별시 구로구_실외 흡연 시설,https://www.data.go.kr/data/15069274/fileData.do,verified,공식 흡연장소 전용 데이터셋
,서울특별시 구로구 경인로 430,37.49821257,126.8670887,체육시설,서울,서울특별시 구로구_실외 흡연 시설,https://www.data.go.kr/data/15069274/fileData.do,verified,공식 흡연장소 전용 데이터셋
,울산광역시 북구 진장유통로 90 농산물유통센터울산점,35.5791108635468,129.358752467814,대규모점포,울산,울산광역시 북구_ 흡연구역,https://www.data.go.kr/data/15166276/fileData.do,verified,공식 흡연장소 전용 데이터셋
,울산광역시 북구 진장유통로 78-6 모다아울렛,35.5770467474648,129.357136235252,대규모점포,울산,울산광역시 북구_ 흡연구역,https://www.data.go.kr/data/15166276/fileData.do,verified,공식 흡연장소 전용 데이터셋
,울산광역시 북구 진장유통로 78-12 코스트코,35.5771815888825,129.358864951203,대규모점포,울산,울산광역시 북구_ 흡연구역,https://www.data.go.kr/data/15166276/fileData.do,verified,공식 흡연장소 전용 데이터셋
,울산광역시 북구 진장유통로 64 롯데마트 진장점,35.5760045694204,129.359024977244,대규모점포,울산,울산광역시 북구_ 흡연구역,https://www.data.go.kr/data/15166276/fileData.do,verified,공식 흡연장소 전용 데이터셋
,울산광역시 북구 진장17길 10 신선도원몰,35.5619158810741,129.356439885394,대규모점포,울산,울산광역시 북구_ 흡연구역,https://www.data.go.kr/data/15166276/fileData.do,verified,공식 흡연장소 전용 데이터셋
,서울특별시 구로구 디지털로34길 34,37.4867,126.898,복합건축물,서울,서울특별시 구로구_실외 흡연 시설,https://www.data.go.kr/data/15069274/fileData.do,verified,공식 흡연장소 전용 데이터셋
,서울특별시 구로구 디지털로33길 11,37.4839,126.8954,복합건축물,서울,서울특별시 구로구_실외 흡연 시설,https://www.data.go.kr/data/15069274/fileData.do,verified,공식 흡연장소 전용 데이터셋
,서울특별시 구로구 디지털로33길 12,37.4839,126.8963,복합건축물,서울,서울특별시 구로구_실외 흡연 시설,https://www.data.go.kr/data/15069274/fileData.do,verified,공식 흡연장소 전용 데이터셋
,서울특별시 구로구 디지털로33길 38-21,37.4862,126.8943,복합건축물,서울,서울특별시 구로구_실외 흡연 시설,https://www.data.go.kr/data/15069274/fileData.do,verified,공식 흡연장소 전용 데이터셋
,서울특별시 구로구 디지털로31길 38-21,37.4851,126.8924,복합건축물,서울,서울특별시 구로구_실외 흡연 시설,https://www.data.go.kr/data/15069274/fileData.do,verified,공식 흡연장소 전용 데이터셋
,서울특별시 구로구 디지털로33길 50,37.4871,126.8964,복합건축물,서울,서울특별시 구로구_실외 흡연 시설,https://www.data.go.kr/data/15069274/fileData.do,verified,공식 흡연장소 전용 데이터셋
,서울특별시 구로구 디지털로33길 48,37.487,126.8967,복합건축물,서울,서울특별시 구로구_실외 흡연 시설,https://www.data.go.kr/data/15069274/fileData.do,verified,공식 흡연장소 전용 데이터셋
,서울특별시 구로구 새말로 117-21 신도림역 2번출구,37.50904,126.8912,지하철역사,서울,서울특별시 구로구_실외 흡연 시설,https://www.data.go.kr/data/15069274/fileData.do,verified,공식 흡연장소 전용 데이터셋
,서울특별시 구로구 경인로53길 90,37.50472,126.8752,복합건축물,서울,서울특별시 구로구_실외 흡연 시설,https://www.data.go.kr/data/15069274/fileData.do,verified,공식 흡연장소 전용 데이터셋
,서울특별시 구로구 디지털로26길 123,37.48308233,126.8976995,복합건축물,서울,서울특별시 구로구_실외 흡연 시설,https://www.data.go.kr/data/15069274/fileData.do,verified,공식 흡연장소 전용 데이터셋
,서울특별시 구로구 디지털로32길 29,37.48487797,126.8972987,복합건축물,서울,서울특별시 구로구_실외 흡연 시설,https://www.data.go.kr/data/15069274/fileData.do,verified,공식 흡연장소 전용 데이터셋
,서울특별시 구로구 디지털로26길 5,37.48161059,126.8934793,복합건축물,서울,서울특별시 구로구_실외 흡연 시설,https://www.data.go.kr/data/15069274/fileData.do,verified,공식 흡연장소 전용 데이터셋
,서울특별시 구로구 디지털로29길 38,37.48449754,126.8933105,복합건축물,서울,서울특별시 구로구_실외 흡연 시설,https://www.data.go.kr/data/15069274/fileData.do,verified,공식 흡연장소 전용 데이터셋
,서울특별시 구로구 디지털로31길 19,37.48487602,126.8937672,복합건축물,서울,서울특별시 구로구_실외 흡연 시설,https://www.data.go.kr/data/15069274/fileData.do,verified,공식 흡연장소 전용 데이터셋
,서울특별시 구로구 디지털로33길 55,37.48675856,126.8930445,복합건축물,서울,서울특별시 구로구_실외 흡연 시설,https://www.data.go.kr/data/15069274/fileData.do,verified,공식 흡연장소 전용 데이터셋
,서울특별시 구로구 디지털로33길 28,37.48698233,126.8953148,복합건축물,서울,서울특별시 구로구_실외 흡연 시설,https://www.data.go.kr/data/15069274/fileData.do,verified,공식 흡연장소 전용 데이터셋
,서울특별시 구로구 디지털로31길 53,37.4849,126.8924,복합건축물,서울,서울특별시 구로구_실외 흡연 시설,https://www.data.go.kr/data/15069274/fileData.do,verified,공식 흡연장소 전용 데이터셋
,서울특별시 구로구 디지털로31길 41,37.4847,126.8934,복합건축물,서울,서울특별시 구로구_실외 흡연 시설,https://www.data.go.kr/data/15069274/fileData.do,verified,공식 흡연장소 전용 데이터셋
,서울특별시 구로구 디지털로27가길 17,37.4813,126.8911,복합건축물,서울,서울특별시 구로구_실외 흡연 시설,https://www.data.go.kr/data/15069274/fileData.do,verified,공식 흡연장소 전용 데이터셋
,서울특별시 구로구 디지털로27가길 27,37.4816,126.8901,복합건축물,서울,서울특별시 구로구_실외 흡연 시설,https://www.data.go.kr/data/15069274/fileData.do,verified,공식 흡연장소 전용 데이터셋
,서울특별시 구로구 디지털로27길 24,37.48,126.8914,복합건축물,서울,서울특별시 구로구_실외 흡연 시설,https://www.data.go.kr/data/15069274/fileData.do,verified,공식 흡연장소 전용 데이터셋
,서울특별시 구로구 디지털로 272,37.4827,126.8919,복합건축물,서울,서울특별시 구로구_실외 흡연 시설,https://www.data.go.kr/data/15069274/fileData.do,verified,공식 흡연장소 전용 데이터셋
,서울특별시 구로구 디지털로30길 28,37.4831,126.8943,복합건축물,서울,서울특별시 구로구_실외 흡연 시설,https://www.data.go.kr/data/15069274/fileData.do,verified,공식 흡연장소 전용 데이터셋
,서울특별시 구로구 디지털로30길 31,37.4828,126.8948,복합건축물,서울,서울특별시 구로구_실외 흡연 시설,https://www.data.go.kr/data/15069274/fileData.do,verified,공식 흡연장소 전용 데이터셋
,서울특별시 구로구 디지털로31길 12,37.4837,126.8934,복합건축물,서울,서울특별시 구로구_실외 흡연 시설,https://www.data.go.kr/data/15069274/fileData.do,verified,공식 흡연장소 전용 데이터셋
,서울특별시 구로구 디지털로31길 38-9,37.4852,126.8932,복합건축물,서울,서울특별시 구로구_실외 흡연 시설,https://www.data.go.kr/data/15069274/fileData.do,verified,공식 흡연장소 전용 데이터셋
,서울특별시 구로구 디지털로31길 20,37.4842,126.8935,복합건축물,서울,서울특별시 구로구_실외 흡연 시설,https://www.data.go.kr/data/15069274/fileData.do,verified,공식 흡연장소 전용 데이터셋
,서울특별시 구로구 디지털로26길 43,37.4789,126.8937,복합건축물,서울,서울특별시 구로구_실외 흡연 시설,https://www.data.go.kr/data/15069274/fileData.do,verified,공식 흡연장소 전용 데이터셋
,서울특별시 구로구 디지털로26길 61,37.4789,126.8922,복합건축물,서울,서울특별시 구로구_실외 흡연 시설,https://www.data.go.kr/data/15069274/fileData.do,verified,공식 흡연장소 전용 데이터셋
,서울특별시 구로구 디지털로26길 87,37.4795,126.8906,복합건축물,서울,서울특별시 구로구_실외 흡연 시설,https://www.data.go.kr/data/15069274/fileData.do,verified,공식 흡연장소 전용 데이터셋
,서울특별시 구로구 디지털로32가길 18,37.485,126.8971,복합건축물,서울,서울특별시 구로구_실외 흡연 시설,https://www.data.go.kr/data/15069274/fileData.do,verified,공식 흡연장소 전용 데이터셋
,서울특별시 구로구 디지털로32가길 16,37.4849,126.8973,복합건축물,서울,서울특별시 구로구_실외 흡연 시설,https://www.data.go.kr/data/15069274/fileData.do,verified,공식 흡연장소 전용 데이터셋
강동문화복지회관,경상북도 구미시 인동가산로 392 강동문화복지회관 건물 측면,36.0901152803431,128.454653925483,폐쇄형,경북,경상북도_구미시_ 흡연 구역 현황,https://www.data.go.kr/data/15033502/fileData.do,verified,공식 흡연장소 전용 데이터셋
노인종합복지관,경상북도 구미시 산책길 51 본관건물 앞 소공원내 정자,36.1235576664025,128.330608076139,개방형,경북,경상북도_구미시_ 흡연 구역 현황,https://www.data.go.kr/data/15033502/fileData.do,verified,공식 흡연장소 전용 데이터셋
구미역,"경상북도 구미시 구미중앙로 76, 구미종합역사 뒤 공터",36.1283301167004,128.330939456358,개방형,경북,경상북도_구미시_ 흡연 구역 현황,https://www.data.go.kr/data/15033502/fileData.do,verified,공식 흡연장소 전용 데이터셋
구미시청,"경상북도 구미시 송정대로 55, 구미시청 민원봉사실 옆",36.1200142028353,128.343821307913,폐쇄형,경북,경상북도_구미시_ 흡연 구역 현황,https://www.data.go.kr/data/15033502/fileData.do,verified,공식 흡연장소 전용 데이터셋
구미시청,"경상북도 구미시 송정대로 55, 구미시의회 건물 뒤",36.1200142028353,128.343821307913,폐쇄형,경북,경상북도_구미시_ 흡연 구역 현황,https://www.data.go.kr/data/15033502/fileData.do,verified,공식 흡연장소 전용 데이터셋
구미시청,"경상북도 구미시 송정대로 55, 구미시청 별관1 앞",36.1200142028353,128.343821307913,폐쇄형,경북,경상북도_구미시_ 흡연 구역 현황,https://www.data.go.kr/data/15033502/fileData.do,verified,공식 흡연장소 전용 데이터셋
구미시청,"경상북도 구미시 송정대로 55, 구미시청 본관 옥상",36.1200142028353,128.343821307913,개방형,경북,경상북도_구미시_ 흡연 구역 현황,https://www.data.go.kr/data/15033502/fileData.do,verified,공식 흡연장소 전용 데이터셋
,경상북도 안동시 풍천면 도청대로 455,36.5761205474728,128.505722686385,,경북,경상북도_경상북도청내 흡연구역 현황,https://www.data.go.kr/data/15029117/fileData.do,verified,공식 흡연장소 전용 데이터셋
,경북 군위군 군청로 200,36.2430301109681,128.572967526935,실외,대구,대구광역시 군위군_ 흡연 구역 현황,https://www.data.go.kr/data/15029125/fileData.do,verified,공식 흡연장소 전용 데이터셋
청라국제도시역 광장,"인천광역시 서구 에코로 163 (청라동, 청라국제도시역 광장)",37.556463,126.624662,전철역 광장,인천,인천광역시 서해구_청사 및 광장 흡연구역,https://www.data.go.kr/data/15029136/fileData.do,verified,공식 흡연장소 전용 데이터셋
검암역 광장,"인천광역시 서구 검바위로 26 (검암동, 검암역 광장)",37.568947,126.673705,전철역 광장,인천,인천광역시 서해구_청사 및 광장 흡연구역,https://www.data.go.kr/data/15029136/fileData.do,verified,공식 흡연장소 전용 데이터셋
서구청 제2청사,"인천광역시 서구 서곶로 299 (심곡동, 서구청 제2청사)",37.544223,126.676629,청사,인천,인천광역시 서해구_청사 및 광장 흡연구역,https://www.data.go.kr/data/15029136/fileData.do,verified,공식 흡연장소 전용 데이터셋
서구청,"인천광역시 서구 서곶로 307 (심곡동, 서구청)",37.545091,126.67665,청사,인천,인천광역시 서해구_청사 및 광장 흡연구역,https://www.data.go.kr/data/15029136/fileData.do,verified,공식 흡연장소 전용 데이터셋
,서울특별시 구로구 디지털로31길 62,37.4853,126.8915,복합건축물,서울,서울특별시 구로구_실외 흡연 시설,https://www.data.go.kr/data/15069274/fileData.do,verified,공식 흡연장소 전용 데이터셋
,서울특별시 구로구 디지털로 271,37.4833,126.8912,복합건축물,서울,서울특별시 구로구_실외 흡연 시설,https://www.data.go.kr/data/15069274/fileData.do,verified,공식 흡연장소 전용 데이터셋
연제구의회,연제구 연제로 2(연산동),35.1762110123181,129.079746026424,공공기관청사,부산,부산광역시 연제구_흡연실 현황,https://www.data.go.kr/data/15029124/fileData.do,verified,공식 흡연장소 전용 데이터셋
부산광역시의회,연제구 중앙대로 1001(연산동),35.17992598569,129.07509523457,공공기관청사,부산,부산광역시 연제구_흡연실 현황,https://www.data.go.kr/data/15029124/fileData.do,verified,공식 흡연장소 전용 데이터셋
고아읍행정복지센터,경상북도 구미시 선산대로 980 본관 건물 옆,36.2110130768161,128.328452559347,개방형,경북,경상북도_구미시_ 흡연 구역 현황,https://www.data.go.kr/data/15033502/fileData.do,verified,공식 흡연장소 전용 데이터셋
고아읍행정복지센터,경상북도 구미시 선산대로 980 옥상,36.2110130768161,128.328452559347,개방형,경북,경상북도_구미시_ 흡연 구역 현황,https://www.data.go.kr/data/15033502/fileData.do,verified,공식 흡연장소 전용 데이터셋
옥성면사무소,경상북도 구미시 옥성면 주아령로 415 옥성면사무소 주차장옆,36.2957980022201,128.278773920661,개방형,경북,경상북도_구미시_ 흡연 구역 현황,https://www.data.go.kr/data/15033502/fileData.do,verified,공식 흡연장소 전용 데이터셋
구미화훼연구소,경상북도 구미시 옥성면 선상동로 1192 본관 연구소옆 파고라,36.326522168363,128.276737445038,개방형,경북,경상북도_구미시_ 흡연 구역 현황,https://www.data.go.kr/data/15033502/fileData.do,verified,공식 흡연장소 전용 데이터셋
농업기술센터,경상북도 구미시 선산읍 김선로 963 구미시농업기술센터 4층 옥상,36.2335275966953,128.290187381087,개방형,경북,경상북도_구미시_ 흡연 구역 현황,https://www.data.go.kr/data/15033502/fileData.do,verified,공식 흡연장소 전용 데이터셋
고용노동부 구미지청,경상북도 구미시 3공단1로 312-27 본관건물 뒤,36.1104939832413,128.405306318586,개방형,경북,경상북도_구미시_ 흡연 구역 현황,https://www.data.go.kr/data/15033502/fileData.do,verified,공식 흡연장소 전용 데이터셋
구미시선거관리위원회,경상북도 구미시 봉곡로9길 10-3 청사건물 뒤,36.1466416855988,128.309065511438,개방형,경북,경상북도_구미시_ 흡연 구역 현황,https://www.data.go.kr/data/15033502/fileData.do,verified,공식 흡연장소 전용 데이터셋
구미경찰서,경상북도 구미시 송원동로 11-4 구미경찰서 본관 좌측,36.1198158909192,128.34628231004,개방형,경북,경상북도_구미시_ 흡연 구역 현황,https://www.data.go.kr/data/15033502/fileData.do,verified,공식 흡연장소 전용 데이터셋
경상북도구미교육지원청,경상북도 구미시 송정대로63 본관 건물 뒤,36.1187283342136,128.345590121121,패쇄형,경북,경상북도_구미시_ 흡연 구역 현황,https://www.data.go.kr/data/15033502/fileData.do,verified,공식 흡연장소 전용 데이터셋
양포동행정복지센터,경상북도 구미시 산호대로35길 6 행정복지센터현관앞 정자,36.1370060792346,128.425738149321,개방형,경북,경상북도_구미시_ 흡연 구역 현황,https://www.data.go.kr/data/15033502/fileData.do,verified,공식 흡연장소 전용 데이터셋
구미시립중앙도서관,경상북도 구미시 경은로 85(형곡동) 도서관 후문,36.1137977966839,128.335221516735,폐쇄형,경북,경상북도_구미시_ 흡연 구역 현황,https://www.data.go.kr/data/15033502/fileData.do,verified,공식 흡연장소 전용 데이터셋
한창당구클럽,연제구 쌍미천로161번길 30 (연산동),35.1871659152327,129.085753428645,당구장업,부산,부산광역시 연제구_흡연실 현황,https://www.data.go.kr/data/15029124/fileData.do,verified,공식 흡연장소 전용 데이터셋
토곡당구장,연제구 과정로 191 (연산동),35.187659386231,129.106239501068,당구장업,부산,부산광역시 연제구_흡연실 현황,https://www.data.go.kr/data/15029124/fileData.do,verified,공식 흡연장소 전용 데이터셋
둘리당구장,연제구 반송로 9 (연산동),35.1867437163459,129.082220379288,당구장업,부산,부산광역시 연제구_흡연실 현황,https://www.data.go.kr/data/15029124/fileData.do,verified,공식 흡연장소 전용 데이터셋
빌텍당구클럽,연제구 쌍미천로161번길 35 (연산동),35.186993982432,129.085224667119,당구장업,부산,부산광역시 연제구_흡연실 현황,https://www.data.go.kr/data/15029124/fileData.do,verified,공식 흡연장소 전용 데이터셋
유명당구장,연제구 반송로 13-7 (연산동),35.187088499482,129.08222028696,당구장업,부산,부산광역시 연제구_흡연실 현황,https://www.data.go.kr/data/15029124/fileData.do,verified,공식 흡연장소 전용 데이터셋
스마트당구장,연제구 거제천로87번길 29 (거제동),35.1825072016346,129.071741416694,당구장업,부산,부산광역시 연제구_흡연실 현황,https://www.data.go.kr/data/15029124/fileData.do,verified,공식 흡연장소 전용 데이터셋
동주빌딩,연제구 반송로 20,35.1869510753309,129.083314908507,대형건축물,부산,부산광역시 연제구_흡연실 현황,https://www.data.go.kr/data/15029124/fileData.do,verified,공식 흡연장소 전용 데이터셋
삼호라이프레포츠텔,연제구 과정로 137,35.1835875730326,129.10676597653,대형건축물,부산,부산광역시 연제구_흡연실 현황,https://www.data.go.kr/data/15029124/fileData.do,verified,공식 흡연장소 전용 데이터셋
샤르망라이프,연제구 반송로 33,35.1883403418694,129.084092213984,대형건축물,부산,부산광역시 연제구_흡연실 현황,https://www.data.go.kr/data/15029124/fileData.do,verified,공식 흡연장소 전용 데이터셋
부산광역시의료원,"연제구 월드컵대로 359 (거제동, 1동, 5동일부)",35.187431768268,129.060181218712,종합병원,부산,부산광역시 연제구_흡연실 현황,https://www.data.go.kr/data/15029124/fileData.do,verified,공식 흡연장소 전용 데이터셋
연제경찰서,연제구 토곡로 26 (연산9동 243-11),35.1822298170439,129.104511753661,공공기관청사,부산,부산광역시 연제구_흡연실 현황,https://www.data.go.kr/data/15029124/fileData.do,verified,공식 흡연장소 전용 데이터셋
부산지방경찰청,연제구 중앙대로 999,35.1791081687944,129.074491513144,공공기관청사,부산,부산광역시 연제구_흡연실 현황,https://www.data.go.kr/data/15029124/fileData.do,verified,공식 흡연장소 전용 데이터셋
부산고등법원,연제구 법원로 31(거제동 1500),35.1925353129809,129.073265087905,공공기관청사,부산,부산광역시 연제구_흡연실 현황,https://www.data.go.kr/data/15029124/fileData.do,verified,공식 흡연장소 전용 데이터셋
부산고등검찰청,연제구 법원로 15,35.1914031903554,129.071975656665,공공기관청사,부산,부산광역시 연제구_흡연실 현황,https://www.data.go.kr/data/15029124/fileData.do,verified,공식 흡연장소 전용 데이터셋
키스당구클럽,연제구 진남로 621 (연산동),35.1749529480698,129.081227903103,당구장업,부산,부산광역시 연제구_흡연실 현황,https://www.data.go.kr/data/15029124/fileData.do,verified,공식 흡연장소 전용 데이터셋
YES당구장,연제구 아시아드대로 52 (거제동),35.1892780232339,129.068174382615,당구장업,부산,부산광역시 연제구_흡연실 현황,https://www.data.go.kr/data/15029124/fileData.do,verified,공식 흡연장소 전용 데이터셋
천당구클럽,연제구 과정로 111 (연산동),35.1813728886246,129.106865429318,당구장업,부산,부산광역시 연제구_흡연실 현황,https://www.data.go.kr/data/15029124/fileData.do,verified,공식 흡연장소 전용 데이터셋
헐리우드당구장,연제구 고분로32번길 23 (연산동),35.1844984294077,129.085951094205,당구장업,부산,부산광역시 연제구_흡연실 현황,https://www.data.go.kr/data/15029124/fileData.do,verified,공식 흡연장소 전용 데이터셋
하프당구클럽,연제구 거제천로 96-1 (연산동),35.1826401230442,129.07384149145,당구장업,부산,부산광역시 연제구_흡연실 현황,https://www.data.go.kr/data/15029124/fileData.do,verified,공식 흡연장소 전용 데이터셋
한양당구장,연제구 연안로 19 (연산동),35.1894730276097,129.106783918987,당구장업,부산,부산광역시 연제구_흡연실 현황,https://www.data.go.kr/data/15029124/fileData.do,verified,공식 흡연장소 전용 데이터셋
프라임당구클럽,연제구 월드컵대로 153 (연산동),35.1866005442858,129.079382721571,당구장업,부산,부산광역시 연제구_흡연실 현황,https://www.data.go.kr/data/15029124/fileData.do,verified,공식 흡연장소 전용 데이터셋
현당구장,연제구 거제천로 89 (거제동),35.18227599303,129.073061153507,당구장업,부산,부산광역시 연제구_흡연실 현황,https://www.data.go.kr/data/15029124/fileData.do,verified,공식 흡연장소 전용 데이터셋
찬스당구장,연제구 과정로 139 (연산동),35.1837906853017,129.10685958067,당구장업,부산,부산광역시 연제구_흡연실 현황,https://www.data.go.kr/data/15029124/fileData.do,verified,공식 흡연장소 전용 데이터셋
월드당구클럽,연제구 과정로237번길 115 (연산동),35.1847664343033,129.106808707194,당구장업,부산,부산광역시 연제구_흡연실 현황,https://www.data.go.kr/data/15029124/fileData.do,verified,공식 흡연장소 전용 데이터셋
제일당구장,연제구 연수로 144-1 (연산동),35.1743843840865,129.086585657781,당구장업,부산,부산광역시 연제구_흡연실 현황,https://www.data.go.kr/data/15029124/fileData.do,verified,공식 흡연장소 전용 데이터셋
KNN당구장,"연제구 고분로13번길 25, 3층 302호 (연산동)",35.1871122906128,129.084471930317,당구장업,부산,부산광역시 연제구_흡연실 현황,https://www.data.go.kr/data/15029124/fileData.do,verified,공식 흡연장소 전용 데이터셋
B.K당구클럽,연제구 중앙대로 1133 (연산동),35.1887972644045,129.080637632783,당구장업,부산,부산광역시 연제구_흡연실 현황,https://www.data.go.kr/data/15029124/fileData.do,verified,공식 흡연장소 전용 데이터셋
성원당구클럽,연제구 반송로 9-1 (연산동),35.1868527390626,129.082252799152,당구장업,부산,부산광역시 연제구_흡연실 현황,https://www.data.go.kr/data/15029124/fileData.do,verified,공식 흡연장소 전용 데이터셋
락당구클럽,연제구 고분로 5-2 (연산동),35.1863737195516,129.082973716134,당구장업,부산,부산광역시 연제구_흡연실 현황,https://www.data.go.kr/data/15029124/fileData.do,verified,공식 흡연장소 전용 데이터셋
하이큐당구클럽,연제구 고분로13번길 81 (연산동),35.1888089052777,129.086694239533,당구장업,부산,부산광역시 연제구_흡연실 현황,https://www.data.go.kr/data/15029124/fileData.do,verified,공식 흡연장소 전용 데이터셋
OK당구장,연제구 고분로13번길 43 (연산동),35.1874910673104,129.085250324183,당구장업,부산,부산광역시 연제구_흡연실 현황,https://www.data.go.kr/data/15029124/fileData.do,verified,공식 흡연장소 전용 데이터셋
포인트3.0당구클럽,"연제구 중앙대로1120번길 13-8 (연산동, 연산상가빌딩)",35.1880217919221,129.082363645505,당구장업,부산,부산광역시 연제구_흡연실 현황,https://www.data.go.kr/data/15029124/fileData.do,verified,공식 흡연장소 전용 데이터셋
삼성당구클럽,연제구 좌수영로 314 (연산동),35.1881185881389,129.107374851337,당구장업,부산,부산광역시 연제구_흡연실 현황,https://www.data.go.kr/data/15029124/fileData.do,verified,공식 흡연장소 전용 데이터셋
목림당구장,연제구 중앙대로1043번길 50 (연산동),35.1817848737743,129.075169832073,당구장업,부산,부산광역시 연제구_흡연실 현황,https://www.data.go.kr/data/15029124/fileData.do,verified,공식 흡연장소 전용 데이터셋
맨,연제구 금련로 2 (연산동),35.1731956814584,129.095638093017,당구장업,부산,부산광역시 연제구_흡연실 현황,https://www.data.go.kr/data/15029124/fileData.do,verified,공식 흡연장소 전용 데이터셋
BK당구클럽,연제구 과정로 207 (연산동),35.1875166110702,129.104681812937,당구장업,부산,부산광역시 연제구_흡연실 현황,https://www.data.go.kr/data/15029124/fileData.do,verified,공식 흡연장소 전용 데이터셋
OK당구클럽,"연제구 월드컵대로 148, 8층 (연산동)",35.1868335774029,129.080259017853,당구장업,부산,부산광역시 연제구_흡연실 현황,https://www.data.go.kr/data/15029124/fileData.do,verified,공식 흡연장소 전용 데이터셋
VIP당구클럽,연제구 고분로 234-1 (연산동),35.1843614915499,129.107795575518,당구장업,부산,부산광역시 연제구_흡연실 현황,https://www.data.go.kr/data/15029124/fileData.do,verified,공식 흡연장소 전용 데이터셋
킹당구장,연제구 중앙대로 1116-4 (연산동),35.1870415093678,129.081829626996,당구장업,부산,부산광역시 연제구_흡연실 현황,https://www.data.go.kr/data/15029124/fileData.do,verified,공식 흡연장소 전용 데이터셋
알마니당구클럽,연제구 월드컵대로 163 (연산동),35.1868964633193,129.078434065623,당구장업,부산,부산광역시 연제구_흡연실 현황,https://www.data.go.kr/data/15029124/fileData.do,verified,공식 흡연장소 전용 데이터셋
OK당구장,연제구 과정로 282-1 (연산동),35.1884008045945,129.096513548546,당구장업,부산,부산광역시 연제구_흡연실 현황,https://www.data.go.kr/data/15029124/fileData.do,verified,공식 흡연장소 전용 데이터셋
무스탕당구장,연제구 중앙대로 1116-8 (연산동),35.1870590642361,129.082035013873,당구장업,부산,부산광역시 연제구_흡연실 현황,https://www.data.go.kr/data/15029124/fileData.do,verified,공식 흡연장소 전용 데이터셋
한결당구장,연제구 세병로 6 (연산동),35.1889465802595,129.084608478398,당구장업,부산,부산광역시 연제구_흡연실 현황,https://www.data.go.kr/data/15029124/fileData.do,verified,공식 흡연장소 전용 데이터셋
조은당구클럽,연제구 거제천로 183 (거제동),35.1895754487824,129.078369159909,당구장업,부산,부산광역시 연제구_흡연실 현황,https://www.data.go.kr/data/15029124/fileData.do,verified,공식 흡연장소 전용 데이터셋
법조당구클럽,연제구 법원남로16번길 21 (거제동),35.1917259320464,129.07497754464,당구장업,부산,부산광역시 연제구_흡연실 현황,https://www.data.go.kr/data/15029124/fileData.do,verified,공식 흡연장소 전용 데이터셋
레오당구클럽,연제구 월드컵대로 117 (연산동),35.1846744191746,129.082135192383,당구장업,부산,부산광역시 연제구_흡연실 현황,https://www.data.go.kr/data/15029124/fileData.do,verified,공식 흡연장소 전용 데이터셋
유토피아PC방,연제구 중앙대로1120번길 13-8 (연산동),35.1880217919221,129.082363645505,게임제공업소,부산,부산광역시 연제구_흡연실 현황,https://www.data.go.kr/data/15029124/fileData.do,verified,공식 흡연장소 전용 데이터셋
엔터존 PC,연제구 중앙대로1150번길 25 (연산동),35.1907518435575,129.081975571533,게임제공업소,부산,부산광역시 연제구_흡연실 현황,https://www.data.go.kr/data/15029124/fileData.do,verified,공식 흡연장소 전용 데이터셋
놀부 PC,연제구 중앙대로1038번길 49 (연산동),35.1795912958852,129.079858614402,게임제공업소,부산,부산광역시 연제구_흡연실 현황,https://www.data.go.kr/data/15029124/fileData.do,verified,공식 흡연장소 전용 데이터셋
K-1 PC,"연제구 고분로13번길 42, 4층 (연산동)",35.1872836122249,129.085470598082,게임제공업소,부산,부산광역시 연제구_흡연실 현황,https://www.data.go.kr/data/15029124/fileData.do,verified,공식 흡연장소 전용 데이터셋
사이버리아 PC방 연산3동점,연제구 연수로 224 (연산동),35.1733605211277,129.095163154703,게임제공업소,부산,부산광역시 연제구_흡연실 현황,https://www.data.go.kr/data/15029124/fileData.do,verified,공식 흡연장소 전용 데이터셋
아일랜드PC,연제구 거제천로87번길 20 (거제동),35.1826220330809,129.072371849228,게임제공업소,부산,부산광역시 연제구_흡연실 현황,https://www.data.go.kr/data/15029124/fileData.do,verified,공식 흡연장소 전용 데이터셋
플러스PC존,연제구 과정로 103 (연산동),35.1806375972204,129.106940400905,게임제공업소,부산,부산광역시 연제구_흡연실 현황,https://www.data.go.kr/data/15029124/fileData.do,verified,공식 흡연장소 전용 데이터셋
위드 PC방,"연제구 거제대로 160 (거제동, 동광)",35.182496183924,129.07044165008,게임제공업소,부산,부산광역시 연제구_흡연실 현황,https://www.data.go.kr/data/15029124/fileData.do,verified,공식 흡연장소 전용 데이터셋
SKY PC방,연제구 과정로 144 (연산동),35.1842388068551,129.10744061048,게임제공업소,부산,부산광역시 연제구_흡연실 현황,https://www.data.go.kr/data/15029124/fileData.do,verified,공식 흡연장소 전용 데이터셋
미래PC방,연제구 과정로 224 (연산동),35.187922249686,129.102797650826,게임제공업소,부산,부산광역시 연제구_흡연실 현황,https://www.data.go.kr/data/15029124/fileData.do,verified,공식 흡연장소 전용 데이터셋
킹스타당구장,연제구 고분로13번길 48 (연산동),35.1873617305615,129.085711892217,당구장업,부산,부산광역시 연제구_흡연실 현황,https://www.data.go.kr/data/15029124/fileData.do,verified,공식 흡연장소 전용 데이터셋
캡틴당구장,연제구 과정로 273 (연산동),35.1876934949594,129.097283299479,당구장업,부산,부산광역시 연제구_흡연실 현황,https://www.data.go.kr/data/15029124/fileData.do,verified,공식 흡연장소 전용 데이터셋
힐링TIME당구클럽,"연제구 법원로32번길 9 (거제동, 고려빌딩)",35.1915659158787,129.074812873138,당구장업,부산,부산광역시 연제구_흡연실 현황,https://www.data.go.kr/data/15029124/fileData.do,verified,공식 흡연장소 전용 데이터셋
스카이당구장,"연제구 법원남로16번길 24 (거제동, 남도빌딩)",35.1915402638093,129.075268446952,당구장업,부산,부산광역시 연제구_흡연실 현황,https://www.data.go.kr/data/15029124/fileData.do,verified,공식 흡연장소 전용 데이터셋
국제당구장,연제구 중앙대로1219번길 4 (거제동),35.1963961967829,129.079329208485,당구장업,부산,부산광역시 연제구_흡연실 현황,https://www.data.go.kr/data/15029124/fileData.do,verified,공식 흡연장소 전용 데이터셋
PC cafe CHIC,연제구 고분로 9-1 (연산동),35.1859916638684,129.083563513658,게임제공업소,부산,부산광역시 연제구_흡연실 현황,https://www.data.go.kr/data/15029124/fileData.do,verified,공식 흡연장소 전용 데이터셋
네오PC카페 연일점,연제구 고분로 21-0 (연산동),35.1858805317961,129.084758129286,게임제공업소,부산,부산광역시 연제구_흡연실 현황,https://www.data.go.kr/data/15029124/fileData.do,verified,공식 흡연장소 전용 데이터셋
렙업 PC ZONE,연제구 신촌로 21 (연산동),35.1828538999216,129.076032757079,게임제공업소,부산,부산광역시 연제구_흡연실 현황,https://www.data.go.kr/data/15029124/fileData.do,verified,공식 흡연장소 전용 데이터셋
더락PC카페(거제리점),"연제구 해맞이로67번길 7, 지하1층 (거제동)",35.180151419797,129.067976550583,게임제공업소,부산,부산광역시 연제구_흡연실 현황,https://www.data.go.kr/data/15029124/fileData.do,verified,공식 흡연장소 전용 데이터셋
싸지방PC 2호점,연제구 연수로148번길 4 (연산동),35.1743058761805,129.086827190296,게임제공업소,부산,부산광역시 연제구_흡연실 현황,https://www.data.go.kr/data/15029124/fileData.do,verified,공식 흡연장소 전용 데이터셋
이-네이쳐PC방 연산자이점,"연제구 과정로 322, B1층 (연산동)",35.189581393461,129.092628750955,게임제공업소,부산,부산광역시 연제구_흡연실 현황,https://www.data.go.kr/data/15029124/fileData.do,verified,공식 흡연장소 전용 데이터셋
프렌즈 PC,"연제구 명륜로 14, 지하101호 (거제동)",35.1961671710943,129.08181156586,게임제공업소,부산,부산광역시 연제구_흡연실 현황,https://www.data.go.kr/data/15029124/fileData.do,verified,공식 흡연장소 전용 데이터셋
가파치PC방,"연제구 거제천로 154, 2층 (연산동)",35.1870524106094,129.076961093435,게임제공업소,부산,부산광역시 연제구_흡연실 현황,https://www.data.go.kr/data/15029124/fileData.do,verified,공식 흡연장소 전용 데이터셋
비타민PC방,연제구 과정로 105 (연산동),35.1808643907356,129.106905644907,게임제공업소,부산,부산광역시 연제구_흡연실 현황,https://www.data.go.kr/data/15029124/fileData.do,verified,공식 흡연장소 전용 데이터셋
더락피씨까페,연제구 연수로 217 (연산동),35.1737817474038,129.094567811628,게임제공업소,부산,부산광역시 연제구_흡연실 현황,https://www.data.go.kr/data/15029124/fileData.do,verified,공식 흡연장소 전용 데이터셋
더게임PC방,연제구 아시아드대로 38 (거제동),35.1882154949448,129.068758323638,게임제공업소,부산,부산광역시 연제구_흡연실 현황,https://www.data.go.kr/data/15029124/fileData.do,verified,공식 흡연장소 전용 데이터셋
옥스PC 종합운동장역점,"연제구 아시아드대로 80, 4층 (거제동)",35.1918007798943,129.067817458382,게임제공업소,부산,부산광역시 연제구_흡연실 현황,https://www.data.go.kr/data/15029124/fileData.do,verified,공식 흡연장소 전용 데이터셋
스틸시리즈PC방 부산본점,"연제구 과정로 192, 3층 (연산동)",35.1880688473857,129.106219994715,게임제공업소,부산,부산광역시 연제구_흡연실 현황,https://www.data.go.kr/data/15029124/fileData.do,verified,공식 흡연장소 전용 데이터셋
피에스타PC방 부산연산본점,"연제구 과정로 137, 3층 312호 (연산동)",35.1835875730326,129.10676597653,게임제공업소,부산,부산광역시 연제구_흡연실 현황,https://www.data.go.kr/data/15029124/fileData.do,verified,공식 흡연장소 전용 데이터셋
옥스PC방 연산점,"연제구 반송로 19, 4층 (연산동)",35.187316942666,129.082927434011,게임제공업소,부산,부산광역시 연제구_흡연실 현황,https://www.data.go.kr/data/15029124/fileData.do,verified,공식 흡연장소 전용 데이터셋
런던PC방,연제구 금련로 9 (연산동),35.1730335507952,129.096497772322,게임제공업소,부산,부산광역시 연제구_흡연실 현황,https://www.data.go.kr/data/15029124/fileData.do,verified,공식 흡연장소 전용 데이터셋
바닐라PC방,연제구 중앙대로1050번길 28 (연산동),35.1815768590817,129.080385583798,게임제공업소,부산,부산광역시 연제구_흡연실 현황,https://www.data.go.kr/data/15029124/fileData.do,verified,공식 흡연장소 전용 데이터셋
코파PC방,"연제구 중앙대로1124번길 15, 1층 304호 (연산동, 연산동 에스케이뷰)",35.1885940971356,129.081982198259,게임제공업소,부산,부산광역시 연제구_흡연실 현황,https://www.data.go.kr/data/15029124/fileData.do,verified,공식 흡연장소 전용 데이터셋
허니PC방,연제구 중앙대로1120번길 13-9 (연산동),35.1880908288262,129.082101189934,게임제공업소,부산,부산광역시 연제구_흡연실 현황,https://www.data.go.kr/data/15029124/fileData.do,verified,공식 흡연장소 전용 데이터셋
코델리아PC방 연산본점,"연제구 고분로236번길 10, 2층 (연산동)",35.1839820267268,129.107712231321,게임제공업소,부산,부산광역시 연제구_흡연실 현황,https://www.data.go.kr/data/15029124/fileData.do,verified,공식 흡연장소 전용 데이터셋
Ares PC Cafe,"연제구 안연로23번길 19, 3층 (연산동)",35.1894850304356,129.099193831856,게임제공업소,부산,부산광역시 연제구_흡연실 현황,https://www.data.go.kr/data/15029124/fileData.do,verified,공식 흡연장소 전용 데이터셋
THE LAVA PC방,"연제구 거제천로 94, 4층 (연산동, 인재빌딩)",35.1824417685277,129.073710552335,게임제공업소,부산,부산광역시 연제구_흡연실 현황,https://www.data.go.kr/data/15029124/fileData.do,verified,공식 흡연장소 전용 데이터셋
ARES PC CAFE,"연제구 세병로 84, 지하1층 (거제동)",35.1957563678299,129.082747391408,게임제공업소,부산,부산광역시 연제구_흡연실 현황,https://www.data.go.kr/data/15029124/fileData.do,verified,공식 흡연장소 전용 데이터셋
아이센스 PC방,"연제구 과정로 133, 4층 (연산동)",35.1833682037836,129.106855697382,게임제공업소,부산,부산광역시 연제구_흡연실 현황,https://www.data.go.kr/data/15029124/fileData.do,verified,공식 흡연장소 전용 데이터셋
팔로잉PC,"연제구 연수로 138, 2층 (연산동)",35.1745155422748,129.085908657001,게임제공업소,부산,부산광역시 연제구_흡연실 현황,https://www.data.go.kr/data/15029124/fileData.do,verified,공식 흡연장소 전용 데이터셋
더락 PC CAFE 시청점,"연제구 거제천로 89, 2층 (거제동)",35.18227599303,129.073061153507,게임제공업소,부산,부산광역시 연제구_흡연실 현황,https://www.data.go.kr/data/15029124/fileData.do,verified,공식 흡연장소 전용 데이터셋
더락PC클럽,"연제구 고분로13번길 25, 3층 303호 (연산동)",35.1871122906128,129.084471930317,게임제공업소,부산,부산광역시 연제구_흡연실 현황,https://www.data.go.kr/data/15029124/fileData.do,verified,공식 흡연장소 전용 데이터셋
랑체PC방,연제구 월드컵대로111번길 10 (연산동),35.1839606405517,129.082138932141,게임제공업소,부산,부산광역시 연제구_흡연실 현황,https://www.data.go.kr/data/15029124/fileData.do,verified,공식 흡연장소 전용 데이터셋
보성골프연습장,전라남도 보성군 보성읍 일림로 1470,34.7436647592378,127.049931013717,,전남,전남광주통합특별시 보성군_ 흡연 구역 현황,https://www.data.go.kr/data/15029268/fileData.do,verified,공식 흡연장소 전용 데이터셋
구슬방 당구클럽,전라남도 보성군 보성읍 신흥길 23,34.7688933967835,127.079761227165,,전남,전남광주통합특별시 보성군_ 흡연 구역 현황,https://www.data.go.kr/data/15029268/fileData.do,verified,공식 흡연장소 전용 데이터셋
보성제일요양병원,전라남도 보성군 보성읍 송재로 59-2,34.7631973153165,127.073193789522,,전남,전남광주통합특별시 보성군_ 흡연 구역 현황,https://www.data.go.kr/data/15029268/fileData.do,verified,공식 흡연장소 전용 데이터셋
보성문화예술회관,전라남도 보성군 보성읍 송재로 281-9,34.7781458587323,127.088432603144,,전남,전남광주통합특별시 보성군_ 흡연 구역 현황,https://www.data.go.kr/data/15029268/fileData.do,verified,공식 흡연장소 전용 데이터셋
보성군청,전라남도 보성군 보성읍 송재로 165,34.7714835388819,127.08002130789,,전남,전남광주통합특별시 보성군_ 흡연 구역 현황,https://www.data.go.kr/data/15029268/fileData.do,verified,공식 흡연장소 전용 데이터셋
벌교스크린골프,전라남도 보성군 벌교읍 홍암로 174,34.8474879897843,127.360947571797,,전남,전남광주통합특별시 보성군_ 흡연 구역 현황,https://www.data.go.kr/data/15029268/fileData.do,verified,공식 흡연장소 전용 데이터셋
골프존파크nx벌교더원점,전라남도 보성군 벌교읍 홍암로 119,34.8471060167506,127.355022984358,,전남,전남광주통합특별시 보성군_ 흡연 구역 현황,https://www.data.go.kr/data/15029268/fileData.do,verified,공식 흡연장소 전용 데이터셋
벌교당구클럽,"전라남도 보성군 벌교읍 채동선로 270, 3층",34.8460829896525,127.343990525276,,전남,전남광주통합특별시 보성군_ 흡연 구역 현황,https://www.data.go.kr/data/15029268/fileData.do,verified,공식 흡연장소 전용 데이터셋
레인보우pc,전라남도 보성군 벌교읍 채동선로 226,34.8423299653402,127.34451479762,,전남,전남광주통합특별시 보성군_ 흡연 구역 현황,https://www.data.go.kr/data/15029268/fileData.do,verified,공식 흡연장소 전용 데이터셋
아이러브 PC방,전라남도 보성군 벌교읍 채동선로 218-2,34.8421668607419,127.343892231872,,전남,전남광주통합특별시 보성군_ 흡연 구역 현황,https://www.data.go.kr/data/15029268/fileData.do,verified,공식 흡연장소 전용 데이터셋
벌교삼호병원,전라남도 보성군 벌교읍 남하로 12,34.8335520137233,127.346232950619,,전남,전남광주통합특별시 보성군_ 흡연 구역 현황,https://www.data.go.kr/data/15029268/fileData.do,verified,공식 흡연장소 전용 데이터셋
보성아산병원,전라남도 보성군 미력면 가평길 36-17,34.7759740878333,127.10340619954,,전남,전남광주통합특별시 보성군_ 흡연 구역 현황,https://www.data.go.kr/data/15029268/fileData.do,verified,공식 흡연장소 전용 데이터셋
보성녹차휴게소(목포방향),전라남도 보성군 미력면 남해고속도로 63,34.8137408285989,127.127666261131,,전남,전남광주통합특별시 보성군_ 흡연 구역 현황,https://www.data.go.kr/data/15029268/fileData.do,verified,공식 흡연장소 전용 데이터셋
보성녹차휴게소(광양방향),전라남도 보성군 겸백면 남해고속도로 70,34.8079021377987,127.182114514571,,전남,전남광주통합특별시 보성군_ 흡연 구역 현황,https://www.data.go.kr/data/15029268/fileData.do,verified,공식 흡연장소 전용 데이터셋
샹떼PC방 부산연산점,"연제구 쌍미천로 11, 2층 (연산동)",35.174689719802,129.091963313154,게임제공업소,부산,부산광역시 연제구_흡연실 현황,https://www.data.go.kr/data/15029124/fileData.do,verified,공식 흡연장소 전용 데이터셋
바닐라PC방,"연제구 월드컵대로91번길 14, 1층 (연산동)",35.182391326771,129.082450570465,게임제공업소,부산,부산광역시 연제구_흡연실 현황,https://www.data.go.kr/data/15029124/fileData.do,verified,공식 흡연장소 전용 데이터셋
,서울특별시 관악구 봉천로 209,37.4904954867064,126.924981674031,완전폐쇄형,서울,서울특별시 관악구_ 흡연 시설현황,https://www.data.go.kr/data/15040591/fileData.do,verified,공식 흡연장소 전용 데이터셋
,서울특별시 관악구 남부순환로 1636,37.4843693309109,126.932565485407,개방형,서울,서울특별시 관악구_ 흡연 시설현황,https://www.data.go.kr/data/15040591/fileData.do,verified,공식 흡연장소 전용 데이터셋
,서울특별시 동작구 노량진로 196 건물 앞,37.5134622,126.9452938,실외,서울,서울특별시 동작구_ 흡연 부스 현황,https://www.data.go.kr/data/15049031/fileData.do,verified,공식 흡연장소 전용 데이터셋
,원주시 서원대로 171 원주시외버스터미널,37.3451559805577,127.93075734673,,강원,강원특별자치도 원주시_실외 흡연 구역,https://www.data.go.kr/data/15134750/fileData.do,verified,공식 흡연장소 전용 데이터셋
카페100,전라남도 보성군 보성읍 봉화로87,34.7660572745258,127.081518136569,,전남,전남광주통합특별시 보성군_ 흡연 구역 현황,https://www.data.go.kr/data/15029268/fileData.do,verified,공식 흡연장소 전용 데이터셋
장동민크라우드pc방,"전라남도 벌교읍 홍암로 8, 2층",34.8425922361371,127.345861895945,,전남,전남광주통합특별시 보성군_ 흡연 구역 현황,https://www.data.go.kr/data/15029268/fileData.do,verified,공식 흡연장소 전용 데이터셋
로얄당구클럽,전라남도 득량면 예당역전길 6,34.7796325512995,127.201253438092,,전남,전남광주통합특별시 보성군_ 흡연 구역 현황,https://www.data.go.kr/data/15029268/fileData.do,verified,공식 흡연장소 전용 데이터셋
행운당구장,전라남도 벌교읍 계성1길 12,34.8433702700712,127.344006025234,,전남,전남광주통합특별시 보성군_ 흡연 구역 현황,https://www.data.go.kr/data/15029268/fileData.do,verified,공식 흡연장소 전용 데이터셋
보성당구장,전라남도 보성읍 봉화로 99,34.766145137566,127.082890630347,,전남,전남광주통합특별시 보성군_ 흡연 구역 현황,https://www.data.go.kr/data/15029268/fileData.do,verified,공식 흡연장소 전용 데이터셋
신세계골프존,전라남도 보성읍 봉화로 109,34.7664125275591,127.083769573282,,전남,전남광주통합특별시 보성군_ 흡연 구역 현황,https://www.data.go.kr/data/15029268/fileData.do,verified,공식 흡연장소 전용 데이터셋
대한다원 제1공장,전라남도 보성군 보성읍 봉산리 1256번지,34.7165752078426,127.08820751283,,전남,전남광주통합특별시 보성군_ 흡연 구역 현황,https://www.data.go.kr/data/15029268/fileData.do,verified,공식 흡연장소 전용 데이터셋
한국국토정보공사 보성지사,전라남도 보성군 보성읍 송재로 221,34.7746559927268,127.083631624843,,전남,전남광주통합특별시 보성군_ 흡연 구역 현황,https://www.data.go.kr/data/15029268/fileData.do,verified,공식 흡연장소 전용 데이터셋
보성골프존,전라남도 보성군 보성읍 현충로 57,34.7668407001216,127.078074423629,,전남,전남광주통합특별시 보성군_ 흡연 구역 현황,https://www.data.go.kr/data/15029268/fileData.do,verified,공식 흡연장소 전용 데이터셋
홀인원 골프클럽,전라남도 보성군 보성읍 현충로 188-12,34.7742379839675,127.087635541092,,전남,전남광주통합특별시 보성군_ 흡연 구역 현황,https://www.data.go.kr/data/15029268/fileData.do,verified,공식 흡연장소 전용 데이터셋
이지훈골프연습장,전라남도 보성군 보성읍 쾌상길 80-32,34.7519662792424,127.069472328532,,전남,전남광주통합특별시 보성군_ 흡연 구역 현황,https://www.data.go.kr/data/15029268/fileData.do,verified,공식 흡연장소 전용 데이터셋
은성당구클럽,전라남도 보성군 보성읍 중앙로 75,34.7688562048692,127.082413244602,,전남,전남광주통합특별시 보성군_ 흡연 구역 현황,https://www.data.go.kr/data/15029268/fileData.do,verified,공식 흡연장소 전용 데이터셋
스마트 흡연부스(SKV1 화양사거리),서울특별시 성동구 성수동2가 280,37.5466716767266,127.066124755547,,서울,서울특별시_성동구_ 흡연 시설정보,https://www.data.go.kr/data/15029169/fileData.do,verified,공식 흡연장소 전용 데이터셋
스마트 흡연부스(서울숲IT밸리 앞),서울특별시 성동구 성수동1가 13-164,37.5474783851249,127.049895535769,,서울,서울특별시_성동구_ 흡연 시설정보,https://www.data.go.kr/data/15029169/fileData.do,verified,공식 흡연장소 전용 데이터셋
스마트 흡연부스(성수역 SKV1타워 앞),서울특별시 성동구 성수동2가 315-61,37.5435923219192,127.055661269808,,서울,서울특별시_성동구_ 흡연 시설정보,https://www.data.go.kr/data/15029169/fileData.do,verified,공식 흡연장소 전용 데이터셋
스마트 흡연부스(아크밸리 앞),서울특별시 성동구 성수동2가 277-43,37.5438726245303,127.061297770805,,서울,서울특별시_성동구_ 흡연 시설정보,https://www.data.go.kr/data/15029169/fileData.do,verified,공식 흡연장소 전용 데이터셋
스마트 흡연부스(한라시그마밸리 뒤),서울특별시 성동구 성수동2가 325-2,37.5402640310949,127.055081162801,,서울,서울특별시_성동구_ 흡연 시설정보,https://www.data.go.kr/data/15029169/fileData.do,verified,공식 흡연장소 전용 데이터셋
스마트 흡연부스(성수역 3번 출구),서울특별시 성동구 성수동2가 276-5,37.5430799943729,127.060640485442,,서울,서울특별시_성동구_ 흡연 시설정보,https://www.data.go.kr/data/15029169/fileData.do,verified,공식 흡연장소 전용 데이터셋
스마트 흡연부스(세신빌딩 뒤),서울특별시 성동구 도선동 58-1,37.5628017191711,127.03397786808,,서울,서울특별시_성동구_ 흡연 시설정보,https://www.data.go.kr/data/15029169/fileData.do,verified,공식 흡연장소 전용 데이터셋
스마트 흡연부스(왕십리역 6번 출구 위),서울특별시 성동구 행당동 1-182,37.5612035478284,127.039160880606,,서울,서울특별시_성동구_ 흡연 시설정보,https://www.data.go.kr/data/15029169/fileData.do,verified,공식 흡연장소 전용 데이터셋
스마트 흡연부스(서울숲 포휴 앞),서울특별시 성동구 성수동1가 656-3,37.5426630844554,127.04519847143,,서울,서울특별시_성동구_ 흡연 시설정보,https://www.data.go.kr/data/15029169/fileData.do,verified,공식 흡연장소 전용 데이터셋
,서울특별시 관악구 신림로 340,37.4847625375982,126.930096548294,개방형,서울,서울특별시 관악구_ 흡연 시설현황,https://www.data.go.kr/data/15040591/fileData.do,verified,공식 흡연장소 전용 데이터셋
,서울특별시 관악구 승방4길 14,37.4743380584992,126.980798410281,개방형,서울,서울특별시 관악구_ 흡연 시설현황,https://www.data.go.kr/data/15040591/fileData.do,verified,공식 흡연장소 전용 데이터셋
,서울특별시 관악구 신림로 330,37.4838513393186,126.930234545397,개방형,서울,서울특별시 관악구_ 흡연 시설현황,https://www.data.go.kr/data/15040591/fileData.do,verified,공식 흡연장소 전용 데이터셋
,서울특별시 관악구 관악로 242,37.4856188363947,126.956781703053,개방형,서울,서울특별시 관악구_ 흡연 시설현황,https://www.data.go.kr/data/15040591/fileData.do,verified,공식 흡연장소 전용 데이터셋
,서울특별시 관악구 관악구 신림로3길 35,37.4675533645757,126.944962394132,완전폐쇄형,서울,서울특별시 관악구_ 흡연 시설현황,https://www.data.go.kr/data/15040591/fileData.do,verified,공식 흡연장소 전용 데이터셋
,서울특별시 관악구 남부순환로234길 73,37.4760962512417,126.956288055678,폐쇄형,서울,서울특별시 관악구_ 흡연 시설현황,https://www.data.go.kr/data/15040591/fileData.do,verified,공식 흡연장소 전용 데이터셋
,서울특별시 관악구 관악로 145,37.4782106746327,126.951501244173,완전폐쇄형,서울,서울특별시 관악구_ 흡연 시설현황,https://www.data.go.kr/data/15040591/fileData.do,verified,공식 흡연장소 전용 데이터셋
,양천로 251 마곡실내배드민턴장 1층 추자창 뒤편,37.5731554994777,126.832148803205,체육시설,서울,서울특별시 강서구_실외 흡연 장소,https://www.data.go.kr/data/15068987/fileData.do,verified,공식 흡연장소 전용 데이터셋
,마곡중앙로 150 옥상,37.5669944211027,126.828520491813,연면적 1000㎡ 이상 대형건물,서울,서울특별시 강서구_실외 흡연 장소,https://www.data.go.kr/data/15068987/fileData.do,verified,공식 흡연장소 전용 데이터셋
,강서구 마곡중앙로 201 주차장 옆,37.571407693908,126.827730783478,연면적 1000㎡ 이상 대형건물,서울,서울특별시 강서구_실외 흡연 장소,https://www.data.go.kr/data/15068987/fileData.do,verified,공식 흡연장소 전용 데이터셋
,마곡중앙 8로 1길 16 1층 2곳,37.5625313259629,126.836252243944,연면적 1000㎡ 이상 대형건물,서울,서울특별시 강서구_실외 흡연 장소,https://www.data.go.kr/data/15068987/fileData.do,verified,공식 흡연장소 전용 데이터셋
,마곡중앙5로 1길 25 1층 후문,37.5692420716795,126.826138036672,연면적 1000㎡ 이상 대형건물,서울,서울특별시 강서구_실외 흡연 장소,https://www.data.go.kr/data/15068987/fileData.do,verified,공식 흡연장소 전용 데이터셋
,마곡서로 170 1층  후문,37.5693037061292,126.825592637016,연면적 1000㎡ 이상 대형건물,서울,서울특별시 강서구_실외 흡연 장소,https://www.data.go.kr/data/15068987/fileData.do,verified,공식 흡연장소 전용 데이터셋
,강서로 443 마곡대명투웨니퍼스트 옥상,37.565162213225,126.839917170223,연면적 1000㎡ 이상 대형건물,서울,서울특별시 강서구_실외 흡연 장소,https://www.data.go.kr/data/15068987/fileData.do,verified,공식 흡연장소 전용 데이터셋
,마곡중앙8로 3길 53 옥상,37.5657808896943,126.837123476789,연면적 1000㎡ 이상 대형건물,서울,서울특별시 강서구_실외 흡연 장소,https://www.data.go.kr/data/15068987/fileData.do,verified,공식 흡연장소 전용 데이터셋
,마곡중앙8로 1길 62 옥상,37.5663748642575,126.837020878676,연면적 1000㎡ 이상 대형건물,서울,서울특별시 강서구_실외 흡연 장소,https://www.data.go.kr/data/15068987/fileData.do,verified,공식 흡연장소 전용 데이터셋
,마곡중앙8로 3길 79 옥상,37.5678875977541,126.838436105662,연면적 1000㎡ 이상 대형건물,서울,서울특별시 강서구_실외 흡연 장소,https://www.data.go.kr/data/15068987/fileData.do,verified,공식 흡연장소 전용 데이터셋
,공항대로 213 보타닉 파크타워 옥상,37.5596993751147,126.831365571556,연면적 1000㎡ 이상 대형건물,서울,서울특별시 강서구_실외 흡연 장소,https://www.data.go.kr/data/15068987/fileData.do,verified,공식 흡연장소 전용 데이터셋
,우장산로 66 강서구민회관 1층,37.5534364240863,126.843648918555,공연장,서울,서울특별시 강서구_실외 흡연 장소,https://www.data.go.kr/data/15068987/fileData.do,verified,공식 흡연장소 전용 데이터셋
,화곡로 302 강서구청 주차장 뒤편,37.5509655144007,126.849532173376,청사,서울,서울특별시 강서구_실외 흡연 장소,https://www.data.go.kr/data/15068987/fileData.do,verified,공식 흡연장소 전용 데이터셋
스마트 흡연부스(센트라스 상가),서울특별시 성동구 홍익동 614-1,37.5649092537827,127.029573448091,,서울,서울특별시_성동구_ 흡연 시설정보,https://www.data.go.kr/data/15029169/fileData.do,verified,공식 흡연장소 전용 데이터셋
스마트 흡연부스(IS비즈타워),서울특별시 성동구 성수동2가 289-319,37.5480829992052,127.057524203418,,서울,서울특별시_성동구_ 흡연 시설정보,https://www.data.go.kr/data/15029169/fileData.do,verified,공식 흡연장소 전용 데이터셋
스마트 흡연부스(왕십리역 6번출구 아래),서울특별시 성동구 행당동 168-151,37.560897194293,127.038382370431,,서울,서울특별시_성동구_ 흡연 시설정보,https://www.data.go.kr/data/15029169/fileData.do,verified,공식 흡연장소 전용 데이터셋
주안역 광장,인천광역시 미추홀구 주안동 30-1,37.4655453,126.6803901,,인천,인천광역시 미추홀구_ 흡연구역 현황,https://www.data.go.kr/data/15029170/fileData.do,verified,공식 흡연장소 전용 데이터셋
주안역 광장,인천광역시 미추홀구 주안동 235,37.46446978,126.6804622,,인천,인천광역시 미추홀구_ 흡연구역 현황,https://www.data.go.kr/data/15029170/fileData.do,verified,공식 흡연장소 전용 데이터셋
울진군청,경상북도 울진군 울진읍 울진중앙로 121 (대회의실 옆),36.9930706136202,129.400679433761,실외,경북,경상북도_울진군_ 흡연 구역 현황,https://www.data.go.kr/data/15029131/fileData.do,verified,공식 흡연장소 전용 데이터셋
울진군청,경상북도 울진군 울진읍 울진중앙로 121 (민원실 옆),36.9930706136202,129.400679433761,실외,경북,경상북도_울진군_ 흡연 구역 현황,https://www.data.go.kr/data/15029131/fileData.do,verified,공식 흡연장소 전용 데이터셋
울진군청,경상북도 울진군 울진읍 울진중앙로 121 (옥상),36.9930706136202,129.400679433761,실외,경북,경상북도_울진군_ 흡연 구역 현황,https://www.data.go.kr/data/15029131/fileData.do,verified,공식 흡연장소 전용 데이터셋
온정면사무소,경상북도 울진군 온정면 소태로 23,36.7241107198049,129.345392963631,실외,경북,경상북도_울진군_ 흡연 구역 현황,https://www.data.go.kr/data/15029131/fileData.do,verified,공식 흡연장소 전용 데이터셋
근남면사무소,경상북도 울진군 근남면 노음4길 6-7,36.9627954890255,129.394513416765,실외,경북,경상북도_울진군_ 흡연 구역 현황,https://www.data.go.kr/data/15029131/fileData.do,verified,공식 흡연장소 전용 데이터셋
북면사무소,경상북도 울진군 북면 부구3길 12,37.1048662405552,129.373088161402,실외,경북,경상북도_울진군_ 흡연 구역 현황,https://www.data.go.kr/data/15029131/fileData.do,verified,공식 흡연장소 전용 데이터셋
기성면사무소,경상북도 울진군 기성면 척산2길 20-8,36.798225735898,129.450911465587,실외,경북,경상북도_울진군_ 흡연 구역 현황,https://www.data.go.kr/data/15029131/fileData.do,verified,공식 흡연장소 전용 데이터셋
매화면사무소,경상북도 울진군 매화면 매화1길 95,36.9132864033649,129.382457180633,실외,경북,경상북도_울진군_ 흡연 구역 현황,https://www.data.go.kr/data/15029131/fileData.do,verified,공식 흡연장소 전용 데이터셋
,"하늘길 111, 김포공항국내선 옥외의 일부",37.5605245028427,126.804595865582,항공시설,서울,서울특별시 강서구_실외 흡연 장소,https://www.data.go.kr/data/15068987/fileData.do,verified,공식 흡연장소 전용 데이터셋
,"하늘길 38, 김포공항국제선 옥외의 일부",37.5713695798026,126.802960133589,항공시설,서울,서울특별시 강서구_실외 흡연 장소,https://www.data.go.kr/data/15068987/fileData.do,verified,공식 흡연장소 전용 데이터셋
,"하늘길 111, 김포공항화물청사 1층 옥외의 일부",37.5605245028427,126.804595865582,항공시설,서울,서울특별시 강서구_실외 흡연 장소,https://www.data.go.kr/data/15068987/fileData.do,verified,공식 흡연장소 전용 데이터셋
,마곡중앙6로 69 3층,37.5603375842313,126.835089020911,음식점,서울,서울특별시 강서구_실외 흡연 장소,https://www.data.go.kr/data/15068987/fileData.do,verified,공식 흡연장소 전용 데이터셋
,마곡중앙6로 65 지투프라자 3층,37.5604252748897,126.834719405616,음식점,서울,서울특별시 강서구_실외 흡연 장소,https://www.data.go.kr/data/15068987/fileData.do,verified,공식 흡연장소 전용 데이터셋
,하늘길 233 골프연습장,37.553505432825,126.813427440527,체육시설,서울,서울특별시 강서구_실외 흡연 장소,https://www.data.go.kr/data/15068987/fileData.do,verified,공식 흡연장소 전용 데이터셋
,서울특별시 용산구 아이파크몰 8층 옥상,37.529492,126.964318,대규모점포,서울,서울특별시 용산구_ 흡연구역,https://www.data.go.kr/data/15073796/fileData.do,verified,공식 흡연장소 전용 데이터셋
,서울특별시 용산구 아이파크몰 해 주차장 4.5층,37.529492,126.964318,대규모점포,서울,서울특별시 용산구_ 흡연구역,https://www.data.go.kr/data/15073796/fileData.do,verified,공식 흡연장소 전용 데이터셋
,서울특별시 용산구 아이파크몰 달 주차장 4.5층,37.529492,126.964318,대규모점포,서울,서울특별시 용산구_ 흡연구역,https://www.data.go.kr/data/15073796/fileData.do,verified,공식 흡연장소 전용 데이터셋
,서울특별시 용산구 1층 외부 주차장 가는길 휴식장소,37.539372,126.997264,호텔,서울,서울특별시 용산구_ 흡연구역,https://www.data.go.kr/data/15073796/fileData.do,verified,공식 흡연장소 전용 데이터셋
,서울특별시 용산구 순천향대학교 서울병원 신관 옥상,37.534009,127.004334,의료기관,서울,서울특별시 용산구_ 흡연구역,https://www.data.go.kr/data/15073796/fileData.do,verified,공식 흡연장소 전용 데이터셋
,서울특별시 용산구 순천향대학교 서울병원 장례식장 외부,37.534466,127.004585,의료기관,서울,서울특별시 용산구_ 흡연구역,https://www.data.go.kr/data/15073796/fileData.do,verified,공식 흡연장소 전용 데이터셋
,서울특별시 용산구 국방부 컨벤스 1층 외부,37.533237,126.97859,청사,서울,서울특별시 용산구_ 흡연구역,https://www.data.go.kr/data/15073796/fileData.do,verified,공식 흡연장소 전용 데이터셋
,서울특별시 용산구 용산세무서 1층 외부,37.523302,126.96868,청사,서울,서울특별시 용산구_ 흡연구역,https://www.data.go.kr/data/15073796/fileData.do,verified,공식 흡연장소 전용 데이터셋
,서울특별시 용산구 서울지방보훈청 실외,37.534923,126.974192,청사,서울,서울특별시 용산구_ 흡연구역,https://www.data.go.kr/data/15073796/fileData.do,verified,공식 흡연장소 전용 데이터셋
,서울특별시 용산구 원효지구대 방범순찰대(옛 용산구청),37.538716,126.96589,청사,서울,서울특별시 용산구_ 흡연구역,https://www.data.go.kr/data/15073796/fileData.do,verified,공식 흡연장소 전용 데이터셋
,서울특별시 용산구 용산경찰서 1층 외부,37.541169,126.96765,청사,서울,서울특별시 용산구_ 흡연구역,https://www.data.go.kr/data/15073796/fileData.do,verified,공식 흡연장소 전용 데이터셋
,서울특별시 용산구 용산구청 2층 외부,37.532709,126.99,청사,서울,서울특별시 용산구_ 흡연구역,https://www.data.go.kr/data/15073796/fileData.do,verified,공식 흡연장소 전용 데이터셋
,서울특별시 용산구 용산구청 옥상,37.532709,126.99,청사,서울,서울특별시 용산구_ 흡연구역,https://www.data.go.kr/data/15073796/fileData.do,verified,공식 흡연장소 전용 데이터셋
,서울특별시 용산구 용산역 광장,37.528404,126.965569,철도역(조례),서울,서울특별시 용산구_ 흡연구역,https://www.data.go.kr/data/15073796/fileData.do,verified,공식 흡연장소 전용 데이터셋
,서울특별시 용산구 서울역 광장 1번출구,37.55376,126.969662,철도역,서울,서울특별시 용산구_ 흡연구역,https://www.data.go.kr/data/15073796/fileData.do,verified,공식 흡연장소 전용 데이터셋
,서울특별시 용산구 서울역 광장 15번출구,37.553149,126.968881,철도역,서울,서울특별시 용산구_ 흡연구역,https://www.data.go.kr/data/15073796/fileData.do,verified,공식 흡연장소 전용 데이터셋
,서울특별시 용산구 조양빌딩 옥상,37.536223,126.963549,연면적 1000㎡ 이상 대형건물,서울,서울특별시 용산구_ 흡연구역,https://www.data.go.kr/data/15073796/fileData.do,verified,공식 흡연장소 전용 데이터셋
,서울특별시 용산구 미성상사 공장 옥상,37.538839,126.968402,연면적 1000㎡ 이상 대형건물,서울,서울특별시 용산구_ 흡연구역,https://www.data.go.kr/data/15073796/fileData.do,verified,공식 흡연장소 전용 데이터셋
,서울특별시 용산구 미성상사㈜ 1층 외부,37.538839,126.968402,연면적 1000㎡ 이상 대형건물,서울,서울특별시 용산구_ 흡연구역,https://www.data.go.kr/data/15073796/fileData.do,verified,공식 흡연장소 전용 데이터셋
,서울특별시 용산구 진성빌딩 옥상,37.53461,126.966177,연면적 1000㎡ 이상 대형건물,서울,서울특별시 용산구_ 흡연구역,https://www.data.go.kr/data/15073796/fileData.do,verified,공식 흡연장소 전용 데이터셋
,서울특별시 용산구 현대자동차사옥 옥상,37.531999,126.953751,연면적 1000㎡ 이상 대형건물,서울,서울특별시 용산구_ 흡연구역,https://www.data.go.kr/data/15073796/fileData.do,verified,공식 흡연장소 전용 데이터셋
,서울특별시 용산구 대교빌딩 옥상,37.533918,126.95763,연면적 1000㎡ 이상 대형건물,서울,서울특별시 용산구_ 흡연구역,https://www.data.go.kr/data/15073796/fileData.do,verified,공식 흡연장소 전용 데이터셋
,서울특별시 용산구 삼원빌딩 옥상,37.534626,126.959002,연면적 1000㎡ 이상 대형건물,서울,서울특별시 용산구_ 흡연구역,https://www.data.go.kr/data/15073796/fileData.do,verified,공식 흡연장소 전용 데이터셋
,"서울특별시 용산구 e테크밸리 공개공지, 옥상",37.533234,126.957656,연면적 1000㎡ 이상 대형건물,서울,서울특별시 용산구_ 흡연구역,https://www.data.go.kr/data/15073796/fileData.do,verified,공식 흡연장소 전용 데이터셋
,서울특별시 용산구 충영빌딩 옥상,37.538329,126.959979,연면적 1000㎡ 이상 대형건물,서울,서울특별시 용산구_ 흡연구역,https://www.data.go.kr/data/15073796/fileData.do,verified,공식 흡연장소 전용 데이터셋
,서울특별시 용산구 건물 옥상,37.536678,126.961147,연면적 1000㎡ 이상 대형건물,서울,서울특별시 용산구_ 흡연구역,https://www.data.go.kr/data/15073796/fileData.do,verified,공식 흡연장소 전용 데이터셋
,서울특별시 용산구 제일기획 1층 외부 주차장,37.535103,126.998616,연면적 1000㎡ 이상 대형건물,서울,서울특별시 용산구_ 흡연구역,https://www.data.go.kr/data/15073796/fileData.do,verified,공식 흡연장소 전용 데이터셋
,서울특별시 용산구 아모레퍼시픽 10층 테라스,37.52911,126.968532,연면적 1000㎡ 이상 대형건물,서울,서울특별시 용산구_ 흡연구역,https://www.data.go.kr/data/15073796/fileData.do,verified,공식 흡연장소 전용 데이터셋
,서울특별시 용산구 주차장 지하 1층,37.532818,126.958895,연면적 1000㎡ 이상 대형건물,서울,서울특별시 용산구_ 흡연구역,https://www.data.go.kr/data/15073796/fileData.do,verified,공식 흡연장소 전용 데이터셋
,서울특별시 용산구 1층 공유지,37.533417,126.96736,연면적 1000㎡ 이상 대형건물,서울,서울특별시 용산구_ 흡연구역,https://www.data.go.kr/data/15073796/fileData.do,verified,공식 흡연장소 전용 데이터셋
,서울특별시 용산구 선인상가 21동 옥상,37.533068,126.963521,대규모점포,서울,서울특별시 용산구_ 흡연구역,https://www.data.go.kr/data/15073796/fileData.do,verified,공식 흡연장소 전용 데이터셋
,서울특별시 용산구 선인상가 21동 1층 외부,37.533068,126.963521,대규모점포,서울,서울특별시 용산구_ 흡연구역,https://www.data.go.kr/data/15073796/fileData.do,verified,공식 흡연장소 전용 데이터셋
,서울특별시 용산구 한남빌딩 5층 외부,37.535022,126.997224,연면적 1000㎡ 이상 대형건물,서울,서울특별시 용산구_ 흡연구역,https://www.data.go.kr/data/15073796/fileData.do,verified,공식 흡연장소 전용 데이터셋
,서울특별시 용산구 일각빌딩 5층,37.540322,126.989802,연면적 1000㎡ 이상 대형건물,서울,서울특별시 용산구_ 흡연구역,https://www.data.go.kr/data/15073796/fileData.do,verified,공식 흡연장소 전용 데이터셋
,서울특별시 용산구 기독교대한감리회여선교회관 1층 외부,37.535109,127.011499,연면적 1000㎡ 이상 대형건물,서울,서울특별시 용산구_ 흡연구역,https://www.data.go.kr/data/15073796/fileData.do,verified,공식 흡연장소 전용 데이터셋
,서울특별시 용산구 대원빌딩 1층 현관옆,37.535201,126.963618,연면적 1000㎡ 이상 대형건물,서울,서울특별시 용산구_ 흡연구역,https://www.data.go.kr/data/15073796/fileData.do,verified,공식 흡연장소 전용 데이터셋
,서울특별시 용산구 유베이스 1층 외부,37.538001,126.967147,연면적 1000㎡ 이상 대형건물,서울,서울특별시 용산구_ 흡연구역,https://www.data.go.kr/data/15073796/fileData.do,verified,공식 흡연장소 전용 데이터셋
,"서울특별시 용산구 대우아이빌 16층 옥상, 1층 외부",37.531695,126.968805,연면적 1000㎡ 이상 대형건물,서울,서울특별시 용산구_ 흡연구역,https://www.data.go.kr/data/15073796/fileData.do,verified,공식 흡연장소 전용 데이터셋
,서울특별시 용산구 NH농협은행 용산별관(하나로마트) 옥상,37.533197,126.964645,연면적 1000㎡ 이상 대형건물,서울,서울특별시 용산구_ 흡연구역,https://www.data.go.kr/data/15073796/fileData.do,verified,공식 흡연장소 전용 데이터셋
,"서울특별시 용산구 용산전자오피스텔 옥상, 건물옆",37.532207,126.956792,연면적 1000㎡ 이상 대형건물,서울,서울특별시 용산구_ 흡연구역,https://www.data.go.kr/data/15073796/fileData.do,verified,공식 흡연장소 전용 데이터셋
,서울특별시 용산구 한강그랜드오피스 주차장 옆,37.531222,126.955055,연면적 1000㎡ 이상 대형건물,서울,서울특별시 용산구_ 흡연구역,https://www.data.go.kr/data/15073796/fileData.do,verified,공식 흡연장소 전용 데이터셋
,서울특별시 용산구 GS한강에끌라트 1층 외부,37.531399,126.955431,연면적 1000㎡ 이상 대형건물,서울,서울특별시 용산구_ 흡연구역,https://www.data.go.kr/data/15073796/fileData.do,verified,공식 흡연장소 전용 데이터셋
,서울특별시 용산구 넥서스밸리 1층 외부,37.534144,126.964859,연면적 1000㎡ 이상 대형건물,서울,서울특별시 용산구_ 흡연구역,https://www.data.go.kr/data/15073796/fileData.do,verified,공식 흡연장소 전용 데이터셋
,서울특별시 용산구 POBA 지방행정공제회 건물 1층 주차장,37.531685,126.970651,연면적 1000㎡ 이상 대형건물,서울,서울특별시 용산구_ 흡연구역,https://www.data.go.kr/data/15073796/fileData.do,verified,공식 흡연장소 전용 데이터셋
,"서울특별시 용산구 우경빌딩 옥상, 1층 외부",37.534231,126.961404,연면적 1000㎡ 이상 대형건물,서울,서울특별시 용산구_ 흡연구역,https://www.data.go.kr/data/15073796/fileData.do,verified,공식 흡연장소 전용 데이터셋
,"서울특별시 용산구 오리온제과 공장 옥상, 주차장",37.536202,126.969268,연면적 1000㎡ 이상 대형건물,서울,서울특별시 용산구_ 흡연구역,https://www.data.go.kr/data/15073796/fileData.do,verified,공식 흡연장소 전용 데이터셋
,서울특별시 용산구 오리온제과 옥상,37.535767,126.969873,연면적 1000㎡ 이상 대형건물,서울,서울특별시 용산구_ 흡연구역,https://www.data.go.kr/data/15073796/fileData.do,verified,공식 흡연장소 전용 데이터셋
,서울특별시 용산구 하나실업빌딩 옥상,37.534709,126.960734,연면적 1000㎡ 이상 대형건물,서울,서울특별시 용산구_ 흡연구역,https://www.data.go.kr/data/15073796/fileData.do,verified,공식 흡연장소 전용 데이터셋
3POP PC방,암남공원로 1,35.0754952623661,129.016116629388,실내,부산,부산광역시_서구_ 흡연구역 정보,https://www.data.go.kr/data/15029123/fileData.do,verified,공식 흡연장소 전용 데이터셋
,반포동 63-7(반포효성빌딩 페라리 매장 앞),37.5006991944145,127.003260404186,개방형흡연부스,서울,서울특별시 서초구_ 흡연 시설 현황,https://www.data.go.kr/data/15074379/fileData.do,verified,공식 흡연장소 전용 데이터셋
,서초동 1500-6 꽃마을1소공원 남측 부지 내,37.4904880058339,127.007104519796,비대면흡연부스,서울,서울특별시 서초구_ 흡연 시설 현황,https://www.data.go.kr/data/15074379/fileData.do,verified,공식 흡연장소 전용 데이터셋
,강남대로27 AT센터 앞,37.4682787075426,127.039136433366,비대면흡연부스,서울,서울특별시 서초구_ 흡연 시설 현황,https://www.data.go.kr/data/15074379/fileData.do,verified,공식 흡연장소 전용 데이터셋
,양재동 316 띠녹지 안,37.470733738747,127.039265567762,비대면흡연부스,서울,서울특별시 서초구_ 흡연 시설 현황,https://www.data.go.kr/data/15074379/fileData.do,verified,공식 흡연장소 전용 데이터셋
,동산로2길 27 한성생고기 앞,37.4687442176181,127.04264348086,라인형흡연구역,서울,서울특별시 서초구_ 흡연 시설 현황,https://www.data.go.kr/data/15074379/fileData.do,verified,공식 흡연장소 전용 데이터셋
,논현로 71 평가옥 앞,37.4762816798535,127.045616670748,비대면흡연부스,서울,서울특별시 서초구_ 흡연 시설 현황,https://www.data.go.kr/data/15074379/fileData.do,verified,공식 흡연장소 전용 데이터셋
,논현로 27 소호정 주차장,37.4732544154171,127.048680840995,라인형흡연구역,서울,서울특별시 서초구_ 흡연 시설 현황,https://www.data.go.kr/data/15074379/fileData.do,verified,공식 흡연장소 전용 데이터셋
,논현로 31 빌딩 앞 사거리 가각지점,37.4737066919433,127.048316208987,비대면흡연부스,서울,서울특별시 서초구_ 흡연 시설 현황,https://www.data.go.kr/data/15074379/fileData.do,verified,공식 흡연장소 전용 데이터셋
,강남대로27길 7-9 느린마을양조장 앞,37.4789453390138,127.037960201529,비대면흡연부스,서울,서울특별시 서초구_ 흡연 시설 현황,https://www.data.go.kr/data/15074379/fileData.do,verified,공식 흡연장소 전용 데이터셋
,바우뫼로21길 10 진입로 입구,37.4758936259801,127.035022551187,비대면흡연부스,서울,서울특별시 서초구_ 흡연 시설 현황,https://www.data.go.kr/data/15074379/fileData.do,verified,공식 흡연장소 전용 데이터셋
,양재천로19길 34 건물 앞 녹지 사이 보도,37.476851688713,127.038161171315,라인형흡연구역,서울,서울특별시 서초구_ 흡연 시설 현황,https://www.data.go.kr/data/15074379/fileData.do,verified,공식 흡연장소 전용 데이터셋
,양재천로21길 3 건물 앞 보도 가각지점,37.4758044816939,127.039151097456,라인형흡연구역,서울,서울특별시 서초구_ 흡연 시설 현황,https://www.data.go.kr/data/15074379/fileData.do,verified,공식 흡연장소 전용 데이터셋
,강남대로 148 서울마더스성형외과 앞 녹지 사이 보도,37.4778879666261,127.039180335385,라인형흡연구역,서울,서울특별시 서초구_ 흡연 시설 현황,https://www.data.go.kr/data/15074379/fileData.do,verified,공식 흡연장소 전용 데이터셋
,강남대로30길 7 카센터 옆 기존 주차구역(영동교회 맞은편),37.4819231346059,127.037519294907,라인형흡연구역,서울,서울특별시 서초구_ 흡연 시설 현황,https://www.data.go.kr/data/15074379/fileData.do,verified,공식 흡연장소 전용 데이터셋
,마방로2길 26 건물 앞 녹지사이 보도,37.4725047161063,127.039140784599,비대면흡연부스,서울,서울특별시 서초구_ 흡연 시설 현황,https://www.data.go.kr/data/15074379/fileData.do,verified,공식 흡연장소 전용 데이터셋
,서울특별시 용산구 한치과의원 건물 주차장,37.54589,126.976959,연면적 1000㎡ 이상 대형건물,서울,서울특별시 용산구_ 흡연구역,https://www.data.go.kr/data/15073796/fileData.do,verified,공식 흡연장소 전용 데이터셋
,서울특별시 용산구 LS용산타워 주차장,37.528002,126.967632,연면적 1000㎡ 이상 대형건물,서울,서울특별시 용산구_ 흡연구역,https://www.data.go.kr/data/15073796/fileData.do,verified,공식 흡연장소 전용 데이터셋
,서울특별시 용산구 용산더프라임 업무동 지하 1층,37.540259,126.969626,연면적 1000㎡ 이상 대형건물,서울,서울특별시 용산구_ 흡연구역,https://www.data.go.kr/data/15073796/fileData.do,verified,공식 흡연장소 전용 데이터셋
,서울특별시 용산구 한국폴리텍대학 정수캠퍼스,37.529136,126.996483,대학교,서울,서울특별시 용산구_ 흡연구역,https://www.data.go.kr/data/15073796/fileData.do,verified,공식 흡연장소 전용 데이터셋
,서울특별시 용산구 한강로2가 424-5(LS타워 인근 보도),37.527798,126.967138,실외,서울,서울특별시 용산구_ 흡연구역,https://www.data.go.kr/data/15073796/fileData.do,verified,공식 흡연장소 전용 데이터셋
,서울특별시 용산구 한강로3가 12-6(용산전자상가1 공영주차장 인근 보도),37.532293,126.964512,실외,서울,서울특별시 용산구_ 흡연구역,https://www.data.go.kr/data/15073796/fileData.do,verified,공식 흡연장소 전용 데이터셋
,서울특별시 용산구 한강로3가 17-1(신용산지하차도 인근 보도),37.532324,126.964955,실외,서울,서울특별시 용산구_ 흡연구역,https://www.data.go.kr/data/15073796/fileData.do,verified,공식 흡연장소 전용 데이터셋
,서울특별시 용산구 동자동 14-151(서울역 11번 출구 인근 보도),37.553105,126.97281,실외,서울,서울특별시 용산구_ 흡연구역,https://www.data.go.kr/data/15073796/fileData.do,verified,공식 흡연장소 전용 데이터셋
산본로데오거리(이마트 부근),경기도 군포시 산본동 1123,37.360553,126.931153,,경기,경기도 군포시_ 흡연 부스 시설현황,https://www.data.go.kr/data/15122343/fileData.do,verified,공식 흡연장소 전용 데이터셋
산본로데오거리(6단지 부근),경기도 군포시 산본동 1143,37.359096,126.930693,,경기,경기도 군포시_ 흡연 부스 시설현황,https://www.data.go.kr/data/15122343/fileData.do,verified,공식 흡연장소 전용 데이터셋
산본로데오거리(산본역 부근),경기도 군포시 산본동 1142-4,37.358502,126.932656,,경기,경기도 군포시_ 흡연 부스 시설현황,https://www.data.go.kr/data/15122343/fileData.do,verified,공식 흡연장소 전용 데이터셋
금정역광장,경기도 군포시 산본동 100,37.372394,126.942311,,경기,경기도 군포시_ 흡연 부스 시설현황,https://www.data.go.kr/data/15122343/fileData.do,verified,공식 흡연장소 전용 데이터셋
군포역광장,경기도 군포시 당동 130-10,37.353149,126.948005,,경기,경기도 군포시_ 흡연 부스 시설현황,https://www.data.go.kr/data/15122343/fileData.do,verified,공식 흡연장소 전용 데이터셋
,강남대로 213 엘타워 뒤 주차장 진입로 옆,37.4827666361943,127.034949554107,개방형흡연구역,서울,서울특별시 서초구_ 흡연 시설 현황,https://www.data.go.kr/data/15074379/fileData.do,verified,공식 흡연장소 전용 데이터셋
세종시청,세종특별자치시 한누리대로 2130,36.480098,127.289035,,세종,세종특별자치시_흡연구역 위치정보,https://www.data.go.kr/data/15029191/fileData.do,verified,V7 공식 출처 직접 재수집
조치원읍사무소,세종특별자치시 조치원읍 새내16길 17,36.604296,127.298521,,세종,세종특별자치시_흡연구역 위치정보,https://www.data.go.kr/data/15029191/fileData.do,verified,V7 공식 출처 직접 재수집
연동면사무소,세종특별자치시 연동면 장욱진로9,36.55536,127.3274,,세종,세종특별자치시_흡연구역 위치정보,https://www.data.go.kr/data/15029191/fileData.do,verified,V7 공식 출처 직접 재수집
부강면사무소,세종특별자치시 부강면 부강5길 38,36.529656,127.370886,,세종,세종특별자치시_흡연구역 위치정보,https://www.data.go.kr/data/15029191/fileData.do,verified,V7 공식 출처 직접 재수집
연서면사무소,세종특별자치시 연서면 대첩로 238,36.592507,127.271511,,세종,세종특별자치시_흡연구역 위치정보,https://www.data.go.kr/data/15029191/fileData.do,verified,V7 공식 출처 직접 재수집
전의면사무소,세종특별자치시 전의면 운주산로 1270,36.592507,127.195769,,세종,세종특별자치시_흡연구역 위치정보,https://www.data.go.kr/data/15029191/fileData.do,verified,V7 공식 출처 직접 재수집
도담동 주민센터,세종특별자치시 보람로 77,36.515701,127.262152,,세종,세종특별자치시_흡연구역 위치정보,https://www.data.go.kr/data/15029191/fileData.do,verified,V7 공식 출처 직접 재수집
보람동 행정복지센터,세종특별자치시 호려울로 42,36.478796,127.290183,,세종,세종특별자치시_흡연구역 위치정보,https://www.data.go.kr/data/15029191/fileData.do,verified,V7 공식 출처 직접 재수집
새롬동 주민센터,세종특별자치시 새롬로 14,36.48627,127.25624,,세종,세종특별자치시_흡연구역 위치정보,https://www.data.go.kr/data/15029191/fileData.do,verified,V7 공식 출처 직접 재수집
소담동 주민센터,세종특별자치시 한누리대로 2023,36.4840995,127.3003578,,세종,세종특별자치시_흡연구역 위치정보,https://www.data.go.kr/data/15029191/fileData.do,verified,V7 공식 출처 직접 재수집
어진동 행정복지센터,세종특별자치시 다솜1로 31,36.502207,127.256792,,세종,세종특별자치시_흡연구역 위치정보,https://www.data.go.kr/data/15029191/fileData.do,verified,V7 공식 출처 직접 재수집
,영주시 시청로 1 영주시청(옥상),36.806218711839,128.622901373348,개방형,경북,경상북도 영주시_흡연구역 정보,https://www.data.go.kr/data/15029208/fileData.do,verified,V7 공식 출처 직접 재수집
,영주시 시청로 1 영주시청(농협 옆),36.806218711839,128.622901373348,개방형,경북,경상북도 영주시_흡연구역 정보,https://www.data.go.kr/data/15029208/fileData.do,verified,V7 공식 출처 직접 재수집
,영주시 시청로 1 영주시청(시청 옆),36.806218711839,128.622901373348,개방형,경북,경상북도 영주시_흡연구역 정보,https://www.data.go.kr/data/15029208/fileData.do,verified,V7 공식 출처 직접 재수집
성주군청,경상북도 성주군 성주읍 성주로 3200,35.9192273307355,128.283009369673,,경북,경상북도 성주군_흡연구역 정보,https://www.data.go.kr/data/15031246/fileData.do,verified,V7 공식 출처 직접 재수집
복돼지식당,경상북도 성주군 성주읍 성주읍1길 7-7,35.9189247621896,128.288936035695,,경북,경상북도 성주군_흡연구역 정보,https://www.data.go.kr/data/15031246/fileData.do,verified,V7 공식 출처 직접 재수집
군통령,경상북도 성주군 성주읍 성주읍2길 15,35.9191519759848,128.288463336003,,경북,경상북도 성주군_흡연구역 정보,https://www.data.go.kr/data/15031246/fileData.do,verified,V7 공식 출처 직접 재수집
성주골프존,경상북도 성주군 성주읍 성주순환로 257-16,35.9213261847531,128.293738779822,,경북,경상북도 성주군_흡연구역 정보,https://www.data.go.kr/data/15031246/fileData.do,verified,V7 공식 출처 직접 재수집
원당구장,경상북도 성주군 성주읍 성주읍4길 38-9,35.9215483129521,128.287923548324,,경북,경상북도 성주군_흡연구역 정보,https://www.data.go.kr/data/15031246/fileData.do,verified,V7 공식 출처 직접 재수집
킹당구장,경상북도 성주군 성주읍 성주산업단지로2길 150-5,35.9365785068276,128.290484219805,,경북,경상북도 성주군_흡연구역 정보,https://www.data.go.kr/data/15031246/fileData.do,verified,V7 공식 출처 직접 재수집
로얄당구장,경상북도 성주군 성주읍 성주읍2길 11,35.9187846293721,128.288188829385,,경북,경상북도 성주군_흡연구역 정보,https://www.data.go.kr/data/15031246/fileData.do,verified,V7 공식 출처 직접 재수집
한일당구장,경상북도 성주군 성주읍 성주읍3길 25,35.9202089434746,128.287810096853,,경북,경상북도 성주군_흡연구역 정보,https://www.data.go.kr/data/15031246/fileData.do,verified,V7 공식 출처 직접 재수집
덕유산 휴게소(하행),전북특별자치도 장수군 계북면 통영대전고속도로 147,35.8133678554708,127.642921192863,고속도로휴게소,전북,전북특별자치도 장수군_흡연허가 구역,https://www.data.go.kr/data/15029105/fileData.do,verified,V7 공식 출처 직접 재수집
장수군보건의료원,전북특별자치도 장수군 장수읍 장천로 247,35.654586164073,127.519438822679,의료기관,전북,전북특별자치도 장수군_흡연허가 구역,https://www.data.go.kr/data/15029105/fileData.do,verified,V7 공식 출처 직접 재수집
콩마을순두부,전북특별자치도 장수군 장수읍 시장로 14,35.6496790023116,127.517637325208,음식점,전북,전북특별자치도 장수군_흡연허가 구역,https://www.data.go.kr/data/15029105/fileData.do,verified,V7 공식 출처 직접 재수집
고창군청,전라북도 고창군 고창읍 중앙로 245,35.435788,126.702109,,전북,전북특별자치도 고창군_흡연구역지정현황,https://www.data.go.kr/data/15029115/fileData.do,verified,V7 공식 출처 직접 재수집
고창 고인돌(상)휴게소,전라북도 고창군 신림면 서해안고속도로 80,35.46856971,126.6737813,,전북,전북특별자치도 고창군_흡연구역지정현황,https://www.data.go.kr/data/15029115/fileData.do,verified,V7 공식 출처 직접 재수집
고창 고인돌(하)휴게소,전라북도 고창군 신림면 서해안고속도로 81,35.46856971,126.6737813,,전북,전북특별자치도 고창군_흡연구역지정현황,https://www.data.go.kr/data/15029115/fileData.do,verified,V7 공식 출처 직접 재수집
,울산광역시 남구 장생포고래로 244,35.5027269,129.3727481,개방형,울산,울산광역시 남구_흡연구역 정보,https://www.data.go.kr/data/15029166/fileData.do,verified,V7 공식 출처 직접 재수집
주안역 광장,주안역 남광장,37.46446978,126.6804622,,인천,인천광역시 미추홀구_흡연구역 현황,https://www.data.go.kr/data/15029170/fileData.do,verified,V8 전국 자동탐색 공식 원문
주안역 광장,주안역 북광장,37.4655453,126.6803901,,인천,인천광역시 미추홀구_흡연구역 현황,https://www.data.go.kr/data/15029170/fileData.do,verified,V8 전국 자동탐색 공식 원문
단양군청,단양읍 별곡 6길 26,36.986849,128.367608,,충북,충청북도_단양군_흡연구역 정보,https://www.data.go.kr/data/15029233/fileData.do,verified,V8 전국 자동탐색 공식 원문
단양군청,단양읍 중앙1로 10,36.986849,128.369754,,충북,충청북도_단양군_흡연구역 정보,https://www.data.go.kr/data/15029233/fileData.do,verified,V8 전국 자동탐색 공식 원문
대명리조트단양,단양읍 삼봉로 187-17,36.978587,128.36396,,충북,충청북도_단양군_흡연구역 정보,https://www.data.go.kr/data/15029233/fileData.do,verified,V8 전국 자동탐색 공식 원문
단양관광관리공단,단성면 대잠2길 15,36.918431,128.309476,,충북,충청북도_단양군_흡연구역 정보,https://www.data.go.kr/data/15029233/fileData.do,verified,V8 전국 자동탐색 공식 원문
㈜대보유통단양휴게소부산방향,적성면 기동2길 32-37,36.994725,128.289625,,충북,충청북도_단양군_흡연구역 정보,https://www.data.go.kr/data/15029233/fileData.do,verified,V8 전국 자동탐색 공식 원문
㈜광동유통단양휴게소춘천방향,단성면 하방3길 100,36.942131,128.3234,,충북,충청북도_단양군_흡연구역 정보,https://www.data.go.kr/data/15029233/fileData.do,verified,V8 전국 자동탐색 공식 원문
단양군청,단성면 선암계곡로 1656,36.926334,128.311177,,충북,충청북도_단양군_흡연구역 정보,https://www.data.go.kr/data/15029233/fileData.do,verified,V8 전국 자동탐색 공식 원문
단양군청,단성면 대잠2길 15,36.920265,128.310553,,충북,충청북도_단양군_흡연구역 정보,https://www.data.go.kr/data/15029233/fileData.do,verified,V8 전국 자동탐색 공식 원문
단양군청,매포읍 삼봉로 644,37.000488,128.344858,,충북,충청북도_단양군_흡연구역 정보,https://www.data.go.kr/data/15029233/fileData.do,verified,V8 전국 자동탐색 공식 원문
단양군청,단양읍 다리안로 534,36.973377,128.417308,,충북,충청북도_단양군_흡연구역 정보,https://www.data.go.kr/data/15029233/fileData.do,verified,V8 전국 자동탐색 공식 원문
단양군청,단양읍 소백산등산길 12,36.966527,128.419487,,충북,충청북도_단양군_흡연구역 정보,https://www.data.go.kr/data/15029233/fileData.do,verified,V8 전국 자동탐색 공식 원문
단양군청,영춘면 온달로 23,37.062954,128.492629,,충북,충청북도_단양군_흡연구역 정보,https://www.data.go.kr/data/15029233/fileData.do,verified,V8 전국 자동탐색 공식 원문
단양군청,단양읍 군청로85,36.985,128.36277,,충북,충청북도_단양군_흡연구역 정보,https://www.data.go.kr/data/15029233/fileData.do,verified,V8 전국 자동탐색 공식 원문
수원버스터미널,경기도 수원시 권선구 경수대로 270,37.25108002,127.0198291,,경기,경기도 수원시_흡연부스 설치 현황,https://www.data.go.kr/data/15099748/fileData.do,verified,V8 전국 자동탐색 공식 원문
서부경찰서,진흥로 85,37.604506807281,126.921565255958,개방형,서울,서울특별시 은평구_흡연실 현황,https://www.ep.go.kr/stat/wt/wt50/wt501020.do?data_meta_id=255,verified,기관 자체 공식 데이터
서울기록원,통일로62길 7,37.6072253744222,126.934431196604,폐쇄형,서울,서울특별시 은평구_흡연실 현황,https://www.ep.go.kr/stat/wt/wt50/wt501020.do?data_meta_id=255,verified,기관 자체 공식 데이터
은평경찰서,불광로 20,37.6097357749976,126.928938477038,"개방형1,폐쇄형1",서울,서울특별시 은평구_흡연실 현황,https://www.ep.go.kr/stat/wt/wt50/wt501020.do?data_meta_id=255,verified,기관 자체 공식 데이터
진관동주민센터,진관2로 31,37.6349631473395,126.920735778649,개방형,서울,서울특별시 은평구_흡연실 현황,https://www.ep.go.kr/stat/wt/wt50/wt501020.do?data_meta_id=255,verified,기관 자체 공식 데이터
은평구청,은평로195,37.6024574203071,126.928822870137,"개방형2,페쇄형1",서울,서울특별시 은평구_흡연실 현황,https://www.ep.go.kr/stat/wt/wt50/wt501020.do?data_meta_id=255,verified,기관 자체 공식 데이터
한국산업인력공단서울동부지사,진관3로 36,37.6397070117647,126.9208681731,개방형,서울,서울특별시 은평구_흡연실 현황,https://www.ep.go.kr/stat/wt/wt50/wt501020.do?data_meta_id=255,verified,기관 자체 공식 데이터
은평소방서,진관동120,37.6286667145712,126.920091534528,개방형,서울,서울특별시 은평구_흡연실 현황,https://www.ep.go.kr/stat/wt/wt50/wt501020.do?data_meta_id=255,verified,기관 자체 공식 데이터
은평병원,백련산로 90,37.5939702620381,126.923210588363,개방형,서울,서울특별시 은평구_흡연실 현황,https://www.ep.go.kr/stat/wt/wt50/wt501020.do?data_meta_id=255,verified,기관 자체 공식 데이터
가톨릭은평성모병원,통일로 1021,37.6336094022541,126.916152525534,폐쇄형,서울,서울특별시 은평구_흡연실 현황,https://www.ep.go.kr/stat/wt/wt50/wt501020.do?data_meta_id=255,verified,기관 자체 공식 데이터
서북병원,갈현로7길 49,37.6043567763756,126.905664235484,개방형3,서울,서울특별시 은평구_흡연실 현황,https://www.ep.go.kr/stat/wt/wt50/wt501020.do?data_meta_id=255,verified,기관 자체 공식 데이터
사회복지법인엔젤스헤이븐,갈현로11길 30,37.60561275596,126.906342824539,폐쇄형,서울,서울특별시 은평구_흡연실 현황,https://www.ep.go.kr/stat/wt/wt50/wt501020.do?data_meta_id=255,verified,기관 자체 공식 데이터
이룸채,통일로 1045,37.6358221607447,126.916447098947,개방형,서울,서울특별시 은평구_흡연실 현황,https://www.ep.go.kr/stat/wt/wt50/wt501020.do?data_meta_id=255,verified,기관 자체 공식 데이터
은평뉴타운솔하임,통일로 1080,37.6392342317325,126.917530394384,개방형,서울,서울특별시 은평구_흡연실 현황,https://www.ep.go.kr/stat/wt/wt50/wt501020.do?data_meta_id=255,verified,기관 자체 공식 데이터
KT은평지점,통일로71길 16,37.6134487938733,126.92607623189,개방형,서울,서울특별시 은평구_흡연실 현황,https://www.ep.go.kr/stat/wt/wt50/wt501020.do?data_meta_id=255,verified,기관 자체 공식 데이터
삼성전자디지털센터,통일로 760,37.613075698797,126.928125145883,개방형,서울,서울특별시 은평구_흡연실 현황,https://www.ep.go.kr/stat/wt/wt50/wt501020.do?data_meta_id=255,verified,기관 자체 공식 데이터
LG Bestshop 불광점,불광로 41,37.6115308805002,126.930255774839,개방형,서울,서울특별시 은평구_흡연실 현황,https://www.ep.go.kr/stat/wt/wt50/wt501020.do?data_meta_id=255,verified,기관 자체 공식 데이터
한국환경산업기술원,진흥로 215,37.6098717913874,126.934324904596,"개방형1,폐쇄형2",서울,서울특별시 은평구_흡연실 현황,https://www.ep.go.kr/stat/wt/wt50/wt501020.do?data_meta_id=255,verified,기관 자체 공식 데이터
한국행정연구원,진흥로235,37.6098566150242,126.935395524395,개방형,서울,서울특별시 은평구_흡연실 현황,https://www.ep.go.kr/stat/wt/wt50/wt501020.do?data_meta_id=255,verified,기관 자체 공식 데이터
(주)엑스큐어넷 신사옥,가좌로 276,37.5934365606268,126.913384738502,개방형,서울,서울특별시 은평구_흡연실 현황,https://www.ep.go.kr/stat/wt/wt50/wt501020.do?data_meta_id=255,verified,기관 자체 공식 데이터
롯데제과 불광영업소,가좌로 282,37.5938214316693,126.912973035937,개방형,서울,서울특별시 은평구_흡연실 현황,https://www.ep.go.kr/stat/wt/wt50/wt501020.do?data_meta_id=255,verified,기관 자체 공식 데이터
전기차 충전소,증산로15길 51,37.5902316319759,126.907320559632,개방형,서울,서울특별시 은평구_흡연실 현황,https://www.ep.go.kr/stat/wt/wt50/wt501020.do?data_meta_id=255,verified,기관 자체 공식 데이터
드림스퀘어,진관2로 29-21,37.635741734904,126.919341649662,개방형,서울,서울특별시 은평구_흡연실 현황,https://www.ep.go.kr/stat/wt/wt50/wt501020.do?data_meta_id=255,verified,기관 자체 공식 데이터
웅신 미켈란의 아침,진관2로 15-8,37.6353936531351,126.919559891188,개방형,서울,서울특별시 은평구_흡연실 현황,https://www.ep.go.kr/stat/wt/wt50/wt501020.do?data_meta_id=255,verified,기관 자체 공식 데이터
휴먼프라자 I,진관2로 19,37.6348535294175,126.919584718281,개방형,서울,서울특별시 은평구_흡연실 현황,https://www.ep.go.kr/stat/wt/wt50/wt501020.do?data_meta_id=255,verified,기관 자체 공식 데이터
은평다목적체육관,진관1로 52,37.6312482959109,126.924870211432,폐쇄형,서울,서울특별시 은평구_흡연실 현황,https://www.ep.go.kr/stat/wt/wt50/wt501020.do?data_meta_id=255,verified,기관 자체 공식 데이터
북한산성상가,대서문길 36,37.6554709821584,126.948552831595,개방형3,서울,서울특별시 은평구_흡연실 현황,https://www.ep.go.kr/stat/wt/wt50/wt501020.do?data_meta_id=255,verified,기관 자체 공식 데이터
레벨업PC방 연신내점,"통일로 855-8,",37.619122183963,126.920201767929,폐쇄형2,서울,서울특별시 은평구_흡연실 현황,https://www.ep.go.kr/stat/wt/wt50/wt501020.do?data_meta_id=255,verified,기관 자체 공식 데이터
G카페PC,통일로 855-20,37.6196577807144,126.919876222163,폐쇄형,서울,서울특별시 은평구_흡연실 현황,https://www.ep.go.kr/stat/wt/wt50/wt501020.do?data_meta_id=255,verified,기관 자체 공식 데이터
아이세븐 PC,연서로 213,37.6176436383991,126.919238535247,폐쇄형,서울,서울특별시 은평구_흡연실 현황,https://www.ep.go.kr/stat/wt/wt50/wt501020.do?data_meta_id=255,verified,기관 자체 공식 데이터
레드포스PC아레나 연신내점,연서로 209,37.6173259520379,126.918847427928,폐쇄형2,서울,서울특별시 은평구_흡연실 현황,https://www.ep.go.kr/stat/wt/wt50/wt501020.do?data_meta_id=255,verified,기관 자체 공식 데이터
제로100PC 연신내점,연서로 195,37.616382883094,126.9184483987,폐쇄형,서울,서울특별시 은평구_흡연실 현황,https://www.ep.go.kr/stat/wt/wt50/wt501020.do?data_meta_id=255,verified,기관 자체 공식 데이터
토마토PC방,서오릉로 178,37.6131657206263,126.913877877072,폐쇄형,서울,서울특별시 은평구_흡연실 현황,https://www.ep.go.kr/stat/wt/wt50/wt501020.do?data_meta_id=255,verified,기관 자체 공식 데이터
더조은PC카페,갈현로 188,37.6144351439897,126.912436844645,폐쇄형2,서울,서울특별시 은평구_흡연실 현황,https://www.ep.go.kr/stat/wt/wt50/wt501020.do?data_meta_id=255,verified,기관 자체 공식 데이터
N톡PC,서오릉로 192,37.6137601237622,126.912315879884,폐쇄형,서울,서울특별시 은평구_흡연실 현황,https://www.ep.go.kr/stat/wt/wt50/wt501020.do?data_meta_id=255,verified,기관 자체 공식 데이터
제로100PC 녹번점,진흥로 148,37.6084438918345,126.9263669244,폐쇄형3,서울,서울특별시 은평구_흡연실 현황,https://www.ep.go.kr/stat/wt/wt50/wt501020.do?data_meta_id=255,verified,기관 자체 공식 데이터
레드포스PC,진흥로 144,37.608110386275,126.925999860181,폐쇄형3,서울,서울특별시 은평구_흡연실 현황,https://www.ep.go.kr/stat/wt/wt50/wt501020.do?data_meta_id=255,verified,기관 자체 공식 데이터
인터쿨,진흥로 112,37.6065036457261,126.923309144404,폐쇄형3,서울,서울특별시 은평구_흡연실 현황,https://www.ep.go.kr/stat/wt/wt50/wt501020.do?data_meta_id=255,verified,기관 자체 공식 데이터
웹시티PC방,통일로 731,37.6106226649216,126.929466316371,폐쇄형,서울,서울특별시 은평구_흡연실 현황,https://www.ep.go.kr/stat/wt/wt50/wt501020.do?data_meta_id=255,verified,기관 자체 공식 데이터
쿡몬스터PC카페,통일로 835,37.6179057885639,126.921723576681,폐쇄형,서울,서울특별시 은평구_흡연실 현황,https://www.ep.go.kr/stat/wt/wt50/wt501020.do?data_meta_id=255,verified,기관 자체 공식 데이터
알파PC방,통일로 850,37.6193203344525,126.921445035076,폐쇄형,서울,서울특별시 은평구_흡연실 현황,https://www.ep.go.kr/stat/wt/wt50/wt501020.do?data_meta_id=255,verified,기관 자체 공식 데이터
퀸PC방,연서로 247,37.6196909418421,126.922171955937,폐쇄형2,서울,서울특별시 은평구_흡연실 현황,https://www.ep.go.kr/stat/wt/wt50/wt501020.do?data_meta_id=255,verified,기관 자체 공식 데이터
긱스타PC CAFE,연서로32길 3,37.6203628994073,126.924955472936,폐쇄형,서울,서울특별시 은평구_흡연실 현황,https://www.ep.go.kr/stat/wt/wt50/wt501020.do?data_meta_id=255,verified,기관 자체 공식 데이터
제로100PC 신사동점,은평로 5,37.5967659204537,126.909210968391,폐쇄형,서울,서울특별시 은평구_흡연실 현황,https://www.ep.go.kr/stat/wt/wt50/wt501020.do?data_meta_id=255,verified,기관 자체 공식 데이터
플렉스PC카페,은평로 56,37.598534441063,126.914100158896,폐쇄형2,서울,서울특별시 은평구_흡연실 현황,https://www.ep.go.kr/stat/wt/wt50/wt501020.do?data_meta_id=255,verified,기관 자체 공식 데이터
에이플 PC CAFE,갈현로 14,37.5991093569636,126.910455000251,폐쇄형,서울,서울특별시 은평구_흡연실 현황,https://www.ep.go.kr/stat/wt/wt50/wt501020.do?data_meta_id=255,verified,기관 자체 공식 데이터
긱스타PC방,"갈현로 39-1, 2층",37.6014595119588,126.910114379709,폐쇄형2,서울,서울특별시 은평구_흡연실 현황,https://www.ep.go.kr/stat/wt/wt50/wt501020.do?data_meta_id=255,verified,기관 자체 공식 데이터
고릴라PC방(역촌역점),"서오릉로 77, 3층",37.6071360316106,126.921770651639,폐쇄형,서울,서울특별시 은평구_흡연실 현황,https://www.ep.go.kr/stat/wt/wt50/wt501020.do?data_meta_id=255,verified,기관 자체 공식 데이터
WIN PC,"역말로 82, 1층",37.6067236852176,126.919151135447,폐쇄형,서울,서울특별시 은평구_흡연실 현황,https://www.ep.go.kr/stat/wt/wt50/wt501020.do?data_meta_id=255,verified,기관 자체 공식 데이터
아크PC,"진흥로1길 34, 효성빌딩 3층",37.6034689838461,126.918676419909,폐쇄형2,서울,서울특별시 은평구_흡연실 현황,https://www.ep.go.kr/stat/wt/wt50/wt501020.do?data_meta_id=255,verified,기관 자체 공식 데이터
샹떼PC방 역촌점,"갈현로 82, 5층",37.6052664482641,126.910685555782,폐쇄형2,서울,서울특별시 은평구_흡연실 현황,https://www.ep.go.kr/stat/wt/wt50/wt501020.do?data_meta_id=255,verified,기관 자체 공식 데이터
아이센스리그PC 역촌점,"갈현로 61, 정화빌딩 지하1층",37.6035045450476,126.910187567562,폐쇄형,서울,서울특별시 은평구_흡연실 현황,https://www.ep.go.kr/stat/wt/wt50/wt501020.do?data_meta_id=255,verified,기관 자체 공식 데이터
탐스PC카페(응암점),"응암로 247, 2층",37.5942237088269,126.917854566217,폐쇄형,서울,서울특별시 은평구_흡연실 현황,https://www.ep.go.kr/stat/wt/wt50/wt501020.do?data_meta_id=255,verified,기관 자체 공식 데이터
ZERO100PC 응암점,"응암로22길 22-1,  3층",37.5932429037821,126.920641115636,폐쇄형,서울,서울특별시 은평구_흡연실 현황,https://www.ep.go.kr/stat/wt/wt50/wt501020.do?data_meta_id=255,verified,기관 자체 공식 데이터
제로100PC 은평구청점,"은평로 192, 지층",37.6012158488181,126.928961189816,폐쇄형,서울,서울특별시 은평구_흡연실 현황,https://www.ep.go.kr/stat/wt/wt50/wt501020.do?data_meta_id=255,verified,기관 자체 공식 데이터
라이또 PC방 구파발,"진관3로 22, 3층",37.6389439926912,126.919176848907,폐쇄형,서울,서울특별시 은평구_흡연실 현황,https://www.ep.go.kr/stat/wt/wt50/wt501020.do?data_meta_id=255,verified,기관 자체 공식 데이터
불새3번가,통일로 709(대조동),37.6091066305431,126.9307851255,폐쇄형,서울,서울특별시 은평구_흡연실 현황,https://www.ep.go.kr/stat/wt/wt50/wt501020.do?data_meta_id=255,verified,기관 자체 공식 데이터
불새2번가게임랜드,통일로65길 11,37.6089317381296,126.92970053761,폐쇄형,서울,서울특별시 은평구_흡연실 현황,https://www.ep.go.kr/stat/wt/wt50/wt501020.do?data_meta_id=255,verified,기관 자체 공식 데이터
할리스불새게임랜드,"연서로26길 5, 2층",37.6172345455779,126.920233121431,폐쇄형,서울,서울특별시 은평구_흡연실 현황,https://www.ep.go.kr/stat/wt/wt50/wt501020.do?data_meta_id=255,verified,기관 자체 공식 데이터
연신내 로데오 게임랜드,"연서로 214, 지하1층",37.6174450963706,126.919952107029,폐쇄형,서울,서울특별시 은평구_흡연실 현황,https://www.ep.go.kr/stat/wt/wt50/wt501020.do?data_meta_id=255,verified,기관 자체 공식 데이터
삼성게임랜드,"통일로 720, 3층",37.6101002060405,126.93057150978,폐쇄형,서울,서울특별시 은평구_흡연실 현황,https://www.ep.go.kr/stat/wt/wt50/wt501020.do?data_meta_id=255,verified,기관 자체 공식 데이터
삼성게임랜드 메트로,"통일로 856,",37.6196226675938,126.921522873651,폐쇄형,서울,서울특별시 은평구_흡연실 현황,https://www.ep.go.kr/stat/wt/wt50/wt501020.do?data_meta_id=255,verified,기관 자체 공식 데이터
삼정게임랜드,통일로82길 11,37.6208256224926,126.920381749396,폐쇄형,서울,서울특별시 은평구_흡연실 현황,https://www.ep.go.kr/stat/wt/wt50/wt501020.do?data_meta_id=255,verified,기관 자체 공식 데이터
앤유PC방,"연서로 73, 지하1층",37.6056457550755,126.915065926274,폐쇄형,서울,서울특별시 은평구_흡연실 현황,https://www.ep.go.kr/stat/wt/wt50/wt501020.do?data_meta_id=255,verified,기관 자체 공식 데이터
무지개 당구장,통일로 937,37.6266645880676,126.919627752279,폐쇄형,서울,서울특별시 은평구_흡연실 현황,https://www.ep.go.kr/stat/wt/wt50/wt501020.do?data_meta_id=255,verified,기관 자체 공식 데이터
로얄 당구장,통일로87길 6,37.6235032758682,126.919202744549,폐쇄형,서울,서울특별시 은평구_흡연실 현황,https://www.ep.go.kr/stat/wt/wt50/wt501020.do?data_meta_id=255,verified,기관 자체 공식 데이터
반도 당구장,통일로87길 5-9,37.6228203303604,126.919206655419,폐쇄형,서울,서울특별시 은평구_흡연실 현황,https://www.ep.go.kr/stat/wt/wt50/wt501020.do?data_meta_id=255,verified,기관 자체 공식 데이터
SBS 당구장,통일로83길 6,37.6210909805559,126.91934581352,폐쇄형,서울,서울특별시 은평구_흡연실 현황,https://www.ep.go.kr/stat/wt/wt50/wt501020.do?data_meta_id=255,verified,기관 자체 공식 데이터
짱구 당구장,연서로29길 8-8,37.618987875665,126.919713153262,폐쇄형,서울,서울특별시 은평구_흡연실 현황,https://www.ep.go.kr/stat/wt/wt50/wt501020.do?data_meta_id=255,verified,기관 자체 공식 데이터
월드 당구장,통일로83길 6-5,37.6212342178056,126.918922584191,폐쇄형,서울,서울특별시 은평구_흡연실 현황,https://www.ep.go.kr/stat/wt/wt50/wt501020.do?data_meta_id=255,verified,기관 자체 공식 데이터
쫑의전쟁,갈현로36길 18-1,37.6216287560138,126.918785547784,폐쇄형,서울,서울특별시 은평구_흡연실 현황,https://www.ep.go.kr/stat/wt/wt50/wt501020.do?data_meta_id=255,verified,기관 자체 공식 데이터
JK 당구클럽,통일로83길 6-29,37.6214583061816,126.918810200243,폐쇄형,서울,서울특별시 은평구_흡연실 현황,https://www.ep.go.kr/stat/wt/wt50/wt501020.do?data_meta_id=255,verified,기관 자체 공식 데이터
OK 당구클럽,연서로29길 37,37.6199813941249,126.916340118109,폐쇄형,서울,서울특별시 은평구_흡연실 현황,https://www.ep.go.kr/stat/wt/wt50/wt501020.do?data_meta_id=255,verified,기관 자체 공식 데이터
당구지존,연서로27길 8-7,37.6181149001701,126.918779175838,폐쇄형,서울,서울특별시 은평구_흡연실 현황,https://www.ep.go.kr/stat/wt/wt50/wt501020.do?data_meta_id=255,verified,기관 자체 공식 데이터
매니아 당구장,연서로27길 15,37.6180553977956,126.917685296692,폐쇄형2,서울,서울특별시 은평구_흡연실 현황,https://www.ep.go.kr/stat/wt/wt50/wt501020.do?data_meta_id=255,verified,기관 자체 공식 데이터
하이런 당구장,갈현로 186,37.6142551013642,126.91228165976,폐쇄형2,서울,서울특별시 은평구_흡연실 현황,https://www.ep.go.kr/stat/wt/wt50/wt501020.do?data_meta_id=255,verified,기관 자체 공식 데이터
리더스당구장,서오릉로 208,37.6142951756699,126.911051695747,폐쇄형,서울,서울특별시 은평구_흡연실 현황,https://www.ep.go.kr/stat/wt/wt50/wt501020.do?data_meta_id=255,verified,기관 자체 공식 데이터
브라보 퍼블릭 스크린,갈현로 300,37.6236089884632,126.917419430143,폐쇄형,서울,서울특별시 은평구_흡연실 현황,https://www.ep.go.kr/stat/wt/wt50/wt501020.do?data_meta_id=255,verified,기관 자체 공식 데이터
SG골프 은평점,연서로 137,37.6111618859153,126.916842896021,폐쇄형,서울,서울특별시 은평구_흡연실 현황,https://www.ep.go.kr/stat/wt/wt50/wt501020.do?data_meta_id=255,verified,기관 자체 공식 데이터
SH스크린골프,서오릉로 151,37.6117240930274,126.915938693284,폐쇄형,서울,서울특별시 은평구_흡연실 현황,https://www.ep.go.kr/stat/wt/wt50/wt501020.do?data_meta_id=255,verified,기관 자체 공식 데이터
다빈치 당구장,진흥로 156,37.6087386251395,126.926978658641,폐쇄형,서울,서울특별시 은평구_흡연실 현황,https://www.ep.go.kr/stat/wt/wt50/wt501020.do?data_meta_id=255,verified,기관 자체 공식 데이터
불광골프죤,진흥로 134,37.6076799419805,126.925077052837,폐쇄형3,서울,서울특별시 은평구_흡연실 현황,https://www.ep.go.kr/stat/wt/wt50/wt501020.do?data_meta_id=255,verified,기관 자체 공식 데이터
G스크린 골프,은평로11길 11-2,37.6018214464342,126.922718856186,폐쇄형,서울,서울특별시 은평구_흡연실 현황,https://www.ep.go.kr/stat/wt/wt50/wt501020.do?data_meta_id=255,verified,기관 자체 공식 데이터
우리스크린골프 녹번점,통일로 636,37.603517115574,126.935311316206,폐쇄형2,서울,서울특별시 은평구_흡연실 현황,https://www.ep.go.kr/stat/wt/wt50/wt501020.do?data_meta_id=255,verified,기관 자체 공식 데이터
the좋은 당구장,은평로 193-2,37.6021296025449,126.928910153862,폐쇄형2,서울,서울특별시 은평구_흡연실 현황,https://www.ep.go.kr/stat/wt/wt50/wt501020.do?data_meta_id=255,verified,기관 자체 공식 데이터
달인 당구장,은평로 229,37.6012766434765,126.933244764532,폐쇄형2,서울,서울특별시 은평구_흡연실 현황,https://www.ep.go.kr/stat/wt/wt50/wt501020.do?data_meta_id=255,verified,기관 자체 공식 데이터
AK 당구클럽,서오릉로 58,37.6058463765384,126.923591244576,폐쇄형,서울,서울특별시 은평구_흡연실 현황,https://www.ep.go.kr/stat/wt/wt50/wt501020.do?data_meta_id=255,verified,기관 자체 공식 데이터
뉴프로당구클럽,통일로 723,37.6100753723201,126.929714977261,폐쇄형,서울,서울특별시 은평구_흡연실 현황,https://www.ep.go.kr/stat/wt/wt50/wt501020.do?data_meta_id=255,verified,기관 자체 공식 데이터
비앤비 빌리어드(Billiards),서오릉로 110,37.6098111259925,126.92010752188,폐쇄형,서울,서울특별시 은평구_흡연실 현황,https://www.ep.go.kr/stat/wt/wt50/wt501020.do?data_meta_id=255,verified,기관 자체 공식 데이터
제이스크린 골프죤,서오릉로 82,37.6076906786633,126.922039838059,폐쇄형5,서울,서울특별시 은평구_흡연실 현황,https://www.ep.go.kr/stat/wt/wt50/wt501020.do?data_meta_id=255,verified,기관 자체 공식 데이터
당구 사랑,연서로 154,37.6126519125646,126.917831128963,폐쇄형2,서울,서울특별시 은평구_흡연실 현황,https://www.ep.go.kr/stat/wt/wt50/wt501020.do?data_meta_id=255,verified,기관 자체 공식 데이터
큐 당구장,통일로 69길 9,37.611500414125,126.927542476038,폐쇄형,서울,서울특별시 은평구_흡연실 현황,https://www.ep.go.kr/stat/wt/wt50/wt501020.do?data_meta_id=255,verified,기관 자체 공식 데이터
허리우드 당구장,연서로 319,37.6239213322695,126.927817918838,폐쇄형,서울,서울특별시 은평구_흡연실 현황,https://www.ep.go.kr/stat/wt/wt50/wt501020.do?data_meta_id=255,verified,기관 자체 공식 데이터
로열 빌리아드,연서로 317,37.6237566382572,126.927681239694,폐쇄형,서울,서울특별시 은평구_흡연실 현황,https://www.ep.go.kr/stat/wt/wt50/wt501020.do?data_meta_id=255,verified,기관 자체 공식 데이터
탑 당구장,연서로34길 23,37.6214173692467,126.928807403103,폐쇄형,서울,서울특별시 은평구_흡연실 현황,https://www.ep.go.kr/stat/wt/wt50/wt501020.do?data_meta_id=255,verified,기관 자체 공식 데이터
킴스 당구장,불광로 139,37.6191069836847,126.932358687601,폐쇄형,서울,서울특별시 은평구_흡연실 현황,https://www.ep.go.kr/stat/wt/wt50/wt501020.do?data_meta_id=255,verified,기관 자체 공식 데이터
불광 무도학원,통일로 724,37.6103214562903,126.930363138778,폐쇄형,서울,서울특별시 은평구_흡연실 현황,https://www.ep.go.kr/stat/wt/wt50/wt501020.do?data_meta_id=255,verified,기관 자체 공식 데이터
불광 스크린 골프,통일로66길 6,37.6103400266838,126.930993733458,개방형,서울,서울특별시 은평구_흡연실 현황,https://www.ep.go.kr/stat/wt/wt50/wt501020.do?data_meta_id=255,verified,기관 자체 공식 데이터
J 당구장,통일로 822,37.6173185244927,126.923232003212,폐쇄형,서울,서울특별시 은평구_흡연실 현황,https://www.ep.go.kr/stat/wt/wt50/wt501020.do?data_meta_id=255,verified,기관 자체 공식 데이터
명품 당구장,연서로 274,37.6205752618862,126.925096849461,폐쇄형,서울,서울특별시 은평구_흡연실 현황,https://www.ep.go.kr/stat/wt/wt50/wt501020.do?data_meta_id=255,verified,기관 자체 공식 데이터
대한 당구클럽,연서로 296,37.6218433646064,126.926905580989,폐쇄형2,서울,서울특별시 은평구_흡연실 현황,https://www.ep.go.kr/stat/wt/wt50/wt501020.do?data_meta_id=255,verified,기관 자체 공식 데이터
Six Billiards,연서로 295-1,37.6220835093052,126.926521232798,폐쇄형,서울,서울특별시 은평구_흡연실 현황,https://www.ep.go.kr/stat/wt/wt50/wt501020.do?data_meta_id=255,verified,기관 자체 공식 데이터
88 당구장,수색로 16길8,37.5829611441122,126.895639563475,폐쇄형,서울,서울특별시 은평구_흡연실 현황,https://www.ep.go.kr/stat/wt/wt50/wt501020.do?data_meta_id=255,verified,기관 자체 공식 데이터
물빛 당구장,수색로 293,37.5836639330484,126.89185195974,폐쇄형,서울,서울특별시 은평구_흡연실 현황,https://www.ep.go.kr/stat/wt/wt50/wt501020.do?data_meta_id=255,verified,기관 자체 공식 데이터
플라틴당구장,은평로 46,37.5983041339208,126.913096566963,폐쇄형,서울,서울특별시 은평구_흡연실 현황,https://www.ep.go.kr/stat/wt/wt50/wt501020.do?data_meta_id=255,verified,기관 자체 공식 데이터
프로변경환당구클럽,은평로 34,37.5980444868804,126.91178557508,폐쇄형3,서울,서울특별시 은평구_흡연실 현황,https://www.ep.go.kr/stat/wt/wt50/wt501020.do?data_meta_id=255,verified,기관 자체 공식 데이터
태양 당구장,가좌로 318,37.5960544992509,126.910036408525,폐쇄형,서울,서울특별시 은평구_흡연실 현황,https://www.ep.go.kr/stat/wt/wt50/wt501020.do?data_meta_id=255,verified,기관 자체 공식 데이터
당구 사랑,가좌로 321,37.5960387326981,126.909330974886,폐쇄형,서울,서울특별시 은평구_흡연실 현황,https://www.ep.go.kr/stat/wt/wt50/wt501020.do?data_meta_id=255,verified,기관 자체 공식 데이터
비바체 당구장,은평로 37,37.5985002736896,126.912115127208,폐쇄형2,서울,서울특별시 은평구_흡연실 현황,https://www.ep.go.kr/stat/wt/wt50/wt501020.do?data_meta_id=255,verified,기관 자체 공식 데이터
M빌리어드,연서로 58,37.6042616430635,126.915930783666,폐쇄형,서울,서울특별시 은평구_흡연실 현황,https://www.ep.go.kr/stat/wt/wt50/wt501020.do?data_meta_id=255,verified,기관 자체 공식 데이터
아이원스크린골프,진흥로 1길28,37.6029593097591,126.918961673328,폐쇄형,서울,서울특별시 은평구_흡연실 현황,https://www.ep.go.kr/stat/wt/wt50/wt501020.do?data_meta_id=255,verified,기관 자체 공식 데이터
수정 당구장,연서로 4길6,37.602389154064,126.916492884381,폐쇄형,서울,서울특별시 은평구_흡연실 현황,https://www.ep.go.kr/stat/wt/wt50/wt501020.do?data_meta_id=255,verified,기관 자체 공식 데이터
역촌 당구장,진흥로 1길24,37.6025156187217,126.918767373916,폐쇄형2,서울,서울특별시 은평구_흡연실 현황,https://www.ep.go.kr/stat/wt/wt50/wt501020.do?data_meta_id=255,verified,기관 자체 공식 데이터
아지트 당구장,연서로 91,37.6073100015681,126.914980567311,폐쇄형,서울,서울특별시 은평구_흡연실 현황,https://www.ep.go.kr/stat/wt/wt50/wt501020.do?data_meta_id=255,verified,기관 자체 공식 데이터
Q당구장,갈현로 81,37.6053085057319,126.910304423213,폐쇄형,서울,서울특별시 은평구_흡연실 현황,https://www.ep.go.kr/stat/wt/wt50/wt501020.do?data_meta_id=255,verified,기관 자체 공식 데이터
손똘 당구장,역말로 6,37.6053611305437,126.910908429664,폐쇄형,서울,서울특별시 은평구_흡연실 현황,https://www.ep.go.kr/stat/wt/wt50/wt501020.do?data_meta_id=255,verified,기관 자체 공식 데이터
우리당구클럽,갈현로 77,37.6047264676428,126.910306141309,폐쇄형,서울,서울특별시 은평구_흡연실 현황,https://www.ep.go.kr/stat/wt/wt50/wt501020.do?data_meta_id=255,verified,기관 자체 공식 데이터
메트로골프클럽,은평로 108,37.5997123185996,126.919882555261,폐쇄형,서울,서울특별시 은평구_흡연실 현황,https://www.ep.go.kr/stat/wt/wt50/wt501020.do?data_meta_id=255,verified,기관 자체 공식 데이터
DS대대전용클럽,"응암로 269, 3층",37.596008756464,126.918771050874,폐쇄형,서울,서울특별시 은평구_흡연실 현황,https://www.ep.go.kr/stat/wt/wt50/wt501020.do?data_meta_id=255,verified,기관 자체 공식 데이터
허리우드당구장,응암로21길 16,37.5942923125442,126.916242404972,폐쇄형,서울,서울특별시 은평구_흡연실 현황,https://www.ep.go.kr/stat/wt/wt50/wt501020.do?data_meta_id=255,verified,기관 자체 공식 데이터
큐당구장,응암로22길 20,37.5933869119336,126.920284059357,폐쇄형,서울,서울특별시 은평구_흡연실 현황,https://www.ep.go.kr/stat/wt/wt50/wt501020.do?data_meta_id=255,verified,기관 자체 공식 데이터
동양당구장,응암로 248 3층,37.593986165368,126.918313189116,폐쇄형,서울,서울특별시 은평구_흡연실 현황,https://www.ep.go.kr/stat/wt/wt50/wt501020.do?data_meta_id=255,verified,기관 자체 공식 데이터
25시당구장,응암로 213 지층,37.591007649297,126.917124728829,폐쇄형,서울,서울특별시 은평구_흡연실 현황,https://www.ep.go.kr/stat/wt/wt50/wt501020.do?data_meta_id=255,verified,기관 자체 공식 데이터
우리당구장,응암로 11길 3,37.5882567689311,126.916272039636,폐쇄형,서울,서울특별시 은평구_흡연실 현황,https://www.ep.go.kr/stat/wt/wt50/wt501020.do?data_meta_id=255,verified,기관 자체 공식 데이터
당구의신,응암로 13길 5,37.5895419524226,126.916537924048,폐쇄형2,서울,서울특별시 은평구_흡연실 현황,https://www.ep.go.kr/stat/wt/wt50/wt501020.do?data_meta_id=255,verified,기관 자체 공식 데이터
월드당구클럽,응암로 178-1,37.5878629874693,126.916969704203,폐쇄형,서울,서울특별시 은평구_흡연실 현황,https://www.ep.go.kr/stat/wt/wt50/wt501020.do?data_meta_id=255,verified,기관 자체 공식 데이터
준당구장,응암로 180,37.5880606193782,126.917032662931,폐쇄형,서울,서울특별시 은평구_흡연실 현황,https://www.ep.go.kr/stat/wt/wt50/wt501020.do?data_meta_id=255,verified,기관 자체 공식 데이터
지존 당구장,가좌로 179,37.587056587986,126.920620510782,폐쇄형,서울,서울특별시 은평구_흡연실 현황,https://www.ep.go.kr/stat/wt/wt50/wt501020.do?data_meta_id=255,verified,기관 자체 공식 데이터
당구한게임,은평로 173 3층,37.6016101647625,126.926818819231,폐쇄형,서울,서울특별시 은평구_흡연실 현황,https://www.ep.go.kr/stat/wt/wt50/wt501020.do?data_meta_id=255,verified,기관 자체 공식 데이터
모아당구장,은평로 145,37.6009653546002,126.923733373076,폐쇄형,서울,서울특별시 은평구_흡연실 현황,https://www.ep.go.kr/stat/wt/wt50/wt501020.do?data_meta_id=255,verified,기관 자체 공식 데이터
정석당구클럽,응암로 340-1,37.6014938300396,126.922831645421,폐쇄형,서울,서울특별시 은평구_흡연실 현황,https://www.ep.go.kr/stat/wt/wt50/wt501020.do?data_meta_id=255,verified,기관 자체 공식 데이터
김무순당구클럽,은평로 91,37.5997087395164,126.917822037883,폐쇄형,서울,서울특별시 은평구_흡연실 현황,https://www.ep.go.kr/stat/wt/wt50/wt501020.do?data_meta_id=255,verified,기관 자체 공식 데이터
3949당구장,증산서길 153,37.5883938417216,126.911860484103,폐쇄형,서울,서울특별시 은평구_흡연실 현황,https://www.ep.go.kr/stat/wt/wt50/wt501020.do?data_meta_id=255,verified,기관 자체 공식 데이터
증산 당구장,증산로 307 3층,37.5845502389565,126.909992174293,폐쇄형2,서울,서울특별시 은평구_흡연실 현황,https://www.ep.go.kr/stat/wt/wt50/wt501020.do?data_meta_id=255,verified,기관 자체 공식 데이터
세영당구장,증산서길 98 2층,37.5846216683642,126.907749703001,폐쇄형,서울,서울특별시 은평구_흡연실 현황,https://www.ep.go.kr/stat/wt/wt50/wt501020.do?data_meta_id=255,verified,기관 자체 공식 데이터
25시 당구장,증산서길 107,37.5855370175324,126.908599752811,폐쇄형,서울,서울특별시 은평구_흡연실 현황,https://www.ep.go.kr/stat/wt/wt50/wt501020.do?data_meta_id=255,verified,기관 자체 공식 데이터
베로니스골프존,증산로 315,37.5850695720899,126.910467178465,폐쇄형,서울,서울특별시 은평구_흡연실 현황,https://www.ep.go.kr/stat/wt/wt50/wt501020.do?data_meta_id=255,verified,기관 자체 공식 데이터
산성당구장,대서문길 9,37.6576881871039,126.947077806408,폐쇄형,서울,서울특별시 은평구_흡연실 현황,https://www.ep.go.kr/stat/wt/wt50/wt501020.do?data_meta_id=255,verified,기관 자체 공식 데이터
골프존파크 진관뉴타운점,진관3로 37,37.6403916511066,126.920438372018,페쇄형,서울,서울특별시 은평구_흡연실 현황,https://www.ep.go.kr/stat/wt/wt50/wt501020.do?data_meta_id=255,verified,기관 자체 공식 데이터
탑당구클럽,"진관2로 15-46,",37.6386515578411,126.919081540985,폐쇄형2,서울,서울특별시 은평구_흡연실 현황,https://www.ep.go.kr/stat/wt/wt50/wt501020.do?data_meta_id=255,verified,기관 자체 공식 데이터
천수경사우나,연서로17길 34-14,37.6141989094798,126.914283976789,폐쇄형2,서울,서울특별시 은평구_흡연실 현황,https://www.ep.go.kr/stat/wt/wt50/wt501020.do?data_meta_id=255,verified,기관 자체 공식 데이터
대호 사우나,불광로 90,37.6150686709961,126.933000699618,폐쇄형2,서울,서울특별시 은평구_흡연실 현황,https://www.ep.go.kr/stat/wt/wt50/wt501020.do?data_meta_id=255,verified,기관 자체 공식 데이터
삼부건강랜드보석사우나,증산로 21길 11,37.5957074100985,126.913495001001,폐쇄형,서울,서울특별시 은평구_흡연실 현황,https://www.ep.go.kr/stat/wt/wt50/wt501020.do?data_meta_id=255,verified,기관 자체 공식 데이터
은하수사우나,갈현로 100,37.606739535111,126.910882663187,폐쇄형,서울,서울특별시 은평구_흡연실 현황,https://www.ep.go.kr/stat/wt/wt50/wt501020.do?data_meta_id=255,verified,기관 자체 공식 데이터
더죤스파24시사우나,불광천길 536,37.5979126004398,126.916390991297,폐쇄형2,서울,서울특별시 은평구_흡연실 현황,https://www.ep.go.kr/stat/wt/wt50/wt501020.do?data_meta_id=255,verified,기관 자체 공식 데이터
동양 사우나,가좌로 7길 11,37.5863471685411,126.919986099388,폐쇄형2,서울,서울특별시 은평구_흡연실 현황,https://www.ep.go.kr/stat/wt/wt50/wt501020.do?data_meta_id=255,verified,기관 자체 공식 데이터
은경불한증막사우나,은평로 136,37.6002632124439,126.923039015434,폐쇄형2,서울,서울특별시 은평구_흡연실 현황,https://www.ep.go.kr/stat/wt/wt50/wt501020.do?data_meta_id=255,verified,기관 자체 공식 데이터
루하스사우나,통일로 1030,37.6341922549283,126.917695482942,폐쇄형,서울,서울특별시 은평구_흡연실 현황,https://www.ep.go.kr/stat/wt/wt50/wt501020.do?data_meta_id=255,verified,기관 자체 공식 데이터
범서쇼핑,통일로 842,37.6186902335511,126.922063807625,폐쇄형,서울,서울특별시 은평구_흡연실 현황,https://www.ep.go.kr/stat/wt/wt50/wt501020.do?data_meta_id=255,verified,기관 자체 공식 데이터
이마트 수색점,수색로 217,37.5796932759305,126.898678379239,폐쇄형,서울,서울특별시 은평구_흡연실 현황,https://www.ep.go.kr/stat/wt/wt50/wt501020.do?data_meta_id=255,verified,기관 자체 공식 데이터
이마트 은평점,은평로 111,37.6008254685415,126.920513478627,"폐쇄형1,실외개방1",서울,서울특별시 은평구_흡연실 현황,https://www.ep.go.kr/stat/wt/wt50/wt501020.do?data_meta_id=255,verified,기관 자체 공식 데이터
롯데몰 은평,통일로 1050,37.6375366740938,126.917900261732,"폐쇄형2,실외개방2",서울,서울특별시 은평구_흡연실 현황,https://www.ep.go.kr/stat/wt/wt50/wt501020.do?data_meta_id=255,verified,기관 자체 공식 데이터
은평구립도서관,통일로 78가길 13-84,37.6189785221501,126.928271924743,개방형4,서울,서울특별시 은평구_흡연실 현황,https://www.ep.go.kr/stat/wt/wt50/wt501020.do?data_meta_id=255,verified,기관 자체 공식 데이터
로비토,통일로 854,37.6194273139588,126.921223139386,폐쇄형,서울,서울특별시 은평구_흡연실 현황,https://www.ep.go.kr/stat/wt/wt50/wt501020.do?data_meta_id=255,verified,기관 자체 공식 데이터
이찌방이야기,연서로29길 13,37.6189645255796,126.918639609689,폐쇄형,서울,서울특별시 은평구_흡연실 현황,https://www.ep.go.kr/stat/wt/wt50/wt501020.do?data_meta_id=255,verified,기관 자체 공식 데이터
우후죽순 연신내점,연서로29길 8  2층,37.6189634176779,126.91925659006,폐쇄형,서울,서울특별시 은평구_흡연실 현황,https://www.ep.go.kr/stat/wt/wt50/wt501020.do?data_meta_id=255,verified,기관 자체 공식 데이터
원숭이 곳간,연서로29길 9  2층,37.6187874425634,126.918975872576,폐쇄형,서울,서울특별시 은평구_흡연실 현황,https://www.ep.go.kr/stat/wt/wt50/wt501020.do?data_meta_id=255,verified,기관 자체 공식 데이터
역전할머니 맥주,연서로29길 14-7,37.6194118276865,126.918845727135,폐쇄형,서울,서울특별시 은평구_흡연실 현황,https://www.ep.go.kr/stat/wt/wt50/wt501020.do?data_meta_id=255,verified,기관 자체 공식 데이터
연신내호프 방앗간,통일로 863-17,37.6202154070254,126.919222953719,폐쇄형,서울,서울특별시 은평구_흡연실 현황,https://www.ep.go.kr/stat/wt/wt50/wt501020.do?data_meta_id=255,verified,기관 자체 공식 데이터
쉘브르 기찻길,연서로 205,37.6170181687026,126.918838927645,폐쇄형,서울,서울특별시 은평구_흡연실 현황,https://www.ep.go.kr/stat/wt/wt50/wt501020.do?data_meta_id=255,verified,기관 자체 공식 데이터
코피티암(KOPITIAM),연서로27길 7-1,37.6176284300633,126.918348722131,폐쇄형,서울,서울특별시 은평구_흡연실 현황,https://www.ep.go.kr/stat/wt/wt50/wt501020.do?data_meta_id=255,verified,기관 자체 공식 데이터
코지사케,연서로 309,37.6231434642994,126.927302925873,폐쇄형,서울,서울특별시 은평구_흡연실 현황,https://www.ep.go.kr/stat/wt/wt50/wt501020.do?data_meta_id=255,verified,기관 자체 공식 데이터
안주가 연신내점,연서로29길 20-15  2층,37.6198672680403,126.91870194439,폐쇄형,서울,서울특별시 은평구_흡연실 현황,https://www.ep.go.kr/stat/wt/wt50/wt501020.do?data_meta_id=255,verified,기관 자체 공식 데이터
산이야기,불광로 40-2,37.6106528126051,126.930316620993,폐쇄형,서울,서울특별시 은평구_흡연실 현황,https://www.ep.go.kr/stat/wt/wt50/wt501020.do?data_meta_id=255,verified,기관 자체 공식 데이터
약속,불광로 40,37.6111030540738,126.930345874402,폐쇄형,서울,서울특별시 은평구_흡연실 현황,https://www.ep.go.kr/stat/wt/wt50/wt501020.do?data_meta_id=255,verified,기관 자체 공식 데이터
베이비 기네스,통일로83길 5-9  2층,37.6204624399289,126.919196860472,폐쇄형,서울,서울특별시 은평구_흡연실 현황,https://www.ep.go.kr/stat/wt/wt50/wt501020.do?data_meta_id=255,verified,기관 자체 공식 데이터
원 커피숍,불광로 46,37.611343763452,126.93074590363,폐쇄형,서울,서울특별시 은평구_흡연실 현황,https://www.ep.go.kr/stat/wt/wt50/wt501020.do?data_meta_id=255,verified,기관 자체 공식 데이터
초이스 커피호프,연서로 249  지하1층,37.6196995240441,126.922480382985,폐쇄형,서울,서울특별시 은평구_흡연실 현황,https://www.ep.go.kr/stat/wt/wt50/wt501020.do?data_meta_id=255,verified,기관 자체 공식 데이터
오아시스,연서로 27길 20,37.6183553193428,126.917531487074,폐쇄형,서울,서울특별시 은평구_흡연실 현황,https://www.ep.go.kr/stat/wt/wt50/wt501020.do?data_meta_id=255,verified,기관 자체 공식 데이터
베이다 야시장,연서로29길 14-9,37.6194884208668,126.918990290097,폐쇄형,서울,서울특별시 은평구_흡연실 현황,https://www.ep.go.kr/stat/wt/wt50/wt501020.do?data_meta_id=255,verified,기관 자체 공식 데이터
다온상회,연서로 205-2,37.6172318184283,126.918745023684,개방형,서울,서울특별시 은평구_흡연실 현황,https://www.ep.go.kr/stat/wt/wt50/wt501020.do?data_meta_id=255,verified,기관 자체 공식 데이터
펀 비어킹,연서로 200,37.6164594127515,126.919155093321,폐쇄형,서울,서울특별시 은평구_흡연실 현황,https://www.ep.go.kr/stat/wt/wt50/wt501020.do?data_meta_id=255,verified,기관 자체 공식 데이터
희 호프,연서로 204,37.6167554858793,126.919299073885,폐쇄형,서울,서울특별시 은평구_흡연실 현황,https://www.ep.go.kr/stat/wt/wt50/wt501020.do?data_meta_id=255,verified,기관 자체 공식 데이터
조은참치,가좌로 255,37.5917426937709,126.914742610087,폐쇄형,서울,서울특별시 은평구_흡연실 현황,https://www.ep.go.kr/stat/wt/wt50/wt501020.do?data_meta_id=255,verified,기관 자체 공식 데이터
유토피아카페,연서로27길 16-8,37.6184108991369,126.918162558866,폐쇄형,서울,서울특별시 은평구_흡연실 현황,https://www.ep.go.kr/stat/wt/wt50/wt501020.do?data_meta_id=255,verified,기관 자체 공식 데이터
놀숲 연신내로데오점,연서로29길 6,37.6188077691384,126.919582181082,폐쇄형,서울,서울특별시 은평구_흡연실 현황,https://www.ep.go.kr/stat/wt/wt50/wt501020.do?data_meta_id=255,verified,기관 자체 공식 데이터
펀 비어킹,응암로13길 22-1,37.5890642494112,126.914776915237,폐쇄형,서울,서울특별시 은평구_흡연실 현황,https://www.ep.go.kr/stat/wt/wt50/wt501020.do?data_meta_id=255,verified,기관 자체 공식 데이터
타디스,불광로 44-2,37.6111096156077,126.930625161601,폐쇄형,서울,서울특별시 은평구_흡연실 현황,https://www.ep.go.kr/stat/wt/wt50/wt501020.do?data_meta_id=255,verified,기관 자체 공식 데이터
오빠화이팅 연신내점,연서로28길 2,37.6182295887538,126.920488498127,폐쇄형,서울,서울특별시 은평구_흡연실 현황,https://www.ep.go.kr/stat/wt/wt50/wt501020.do?data_meta_id=255,verified,기관 자체 공식 데이터
홀리데이 펍,연서로29길 20-11,37.6197626417004,126.918539854605,폐쇄형,서울,서울특별시 은평구_흡연실 현황,https://www.ep.go.kr/stat/wt/wt50/wt501020.do?data_meta_id=255,verified,기관 자체 공식 데이터
은평갈비,연서로29길 8-15,37.6194098554967,126.919650287607,폐쇄형,서울,서울특별시 은평구_흡연실 현황,https://www.ep.go.kr/stat/wt/wt50/wt501020.do?data_meta_id=255,verified,기관 자체 공식 데이터
은평맥주,연서로29길 8-10,37.6191183096436,126.919802949202,개방형,서울,서울특별시 은평구_흡연실 현황,https://www.ep.go.kr/stat/wt/wt50/wt501020.do?data_meta_id=255,verified,기관 자체 공식 데이터
몬스터 쭈꾸미,통일로83길 6-6,37.6213059727778,126.919370161519,개방형,서울,서울특별시 은평구_흡연실 현황,https://www.ep.go.kr/stat/wt/wt50/wt501020.do?data_meta_id=255,verified,기관 자체 공식 데이터
은하수,통일로80길 8,37.6199268590915,126.921550078765,폐쇄형,서울,서울특별시 은평구_흡연실 현황,https://www.ep.go.kr/stat/wt/wt50/wt501020.do?data_meta_id=255,verified,기관 자체 공식 데이터
더원 양꼬치,통일로 863-14,37.6201065201453,126.919548952972,폐쇄형,서울,서울특별시 은평구_흡연실 현황,https://www.ep.go.kr/stat/wt/wt50/wt501020.do?data_meta_id=255,verified,기관 자체 공식 데이터
역말리 순대국밥,서오릉로 106,37.6095021185562,126.920421342774,개방형,서울,서울특별시 은평구_흡연실 현황,https://www.ep.go.kr/stat/wt/wt50/wt501020.do?data_meta_id=255,verified,기관 자체 공식 데이터
붓다마을,연서로 48길-41,37.6392836600475,126.938086655176,개방형,서울,서울특별시 은평구_흡연실 현황,https://www.ep.go.kr/stat/wt/wt50/wt501020.do?data_meta_id=255,verified,기관 자체 공식 데이터
통일로 585-1,통일로 585-1,37.5990897157766,126.936430331283,"개방형1, 실내형6",서울,서울특별시 은평구_흡연실 현황,https://www.ep.go.kr/stat/wt/wt50/wt501020.do?data_meta_id=255,verified,기관 자체 공식 데이터
리젠트오피스텔 후면,서울특별시 광진구 강변역로4길 68,37.53254064,127.0925786,흡연구역,서울,서울특별시 광진구_흡연구역,https://nonsmoking.gwangjin.go.kr//FILES/%ED%9D%A1%EC%97%B0%EA%B5%AC%EC%97%AD.zip,verified,기관 자체 공식 제공 URL
리젠트오피스텔 좌측,서울특별시 광진구 강변역로4길 68,37.53232407,127.0929998,흡연구역,서울,서울특별시 광진구_흡연구역,https://nonsmoking.gwangjin.go.kr//FILES/%ED%9D%A1%EC%97%B0%EA%B5%AC%EC%97%AD.zip,verified,기관 자체 공식 제공 URL
광진소방서 본관 1층 전면,서울특별시 광진구 광나루로 480,37.54496587,127.0828907,흡연구역,서울,서울특별시 광진구_흡연구역,https://nonsmoking.gwangjin.go.kr//FILES/%ED%9D%A1%EC%97%B0%EA%B5%AC%EC%97%AD.zip,verified,기관 자체 공식 제공 URL
오렌지타워 건물 후면,서울특별시 광진구 광나루로 580,37.54316971,127.0931858,흡연구역,서울,서울특별시 광진구_흡연구역,https://nonsmoking.gwangjin.go.kr//FILES/%ED%9D%A1%EC%97%B0%EA%B5%AC%EC%97%AD.zip,verified,기관 자체 공식 제공 URL
광진구 민방위 교육장 1층 마당,서울특별시 광진구 광나루로56길 8,37.5391025,127.0977689,흡연구역,서울,서울특별시 광진구_흡연구역,https://nonsmoking.gwangjin.go.kr//FILES/%ED%9D%A1%EC%97%B0%EA%B5%AC%EC%97%AD.zip,verified,기관 자체 공식 제공 URL
테크노마트 9층 하늘마당 좌측,서울특별시 광진구 광나루로56길 85,37.53600275,127.0953945,흡연구역,서울,서울특별시 광진구_흡연구역,https://nonsmoking.gwangjin.go.kr//FILES/%ED%9D%A1%EC%97%B0%EA%B5%AC%EC%97%AD.zip,verified,기관 자체 공식 제공 URL
테크노마트 9층 하늘마당 우측,서울특별시 광진구 광나루로56길 85,37.53536423,127.0959459,흡연구역,서울,서울특별시 광진구_흡연구역,https://nonsmoking.gwangjin.go.kr//FILES/%ED%9D%A1%EC%97%B0%EA%B5%AC%EC%97%AD.zip,verified,기관 자체 공식 제공 URL
테크노마트 동측 주차장,서울특별시 광진구 광나루로56길 85,37.53544727,127.0960893,흡연구역,서울,서울특별시 광진구_흡연구역,https://nonsmoking.gwangjin.go.kr//FILES/%ED%9D%A1%EC%97%B0%EA%B5%AC%EC%97%AD.zip,verified,기관 자체 공식 제공 URL
테크노마트 9층 하늘공원 우측,서울특별시 광진구 광나루로56길 85,37.53616002,127.096129,흡연구역,서울,서울특별시 광진구_흡연구역,https://nonsmoking.gwangjin.go.kr//FILES/%ED%9D%A1%EC%97%B0%EA%B5%AC%EC%97%AD.zip,verified,기관 자체 공식 제공 URL
새천년관 대공연장 좌측,서울특별시 광진구 능동로 120,37.54317933,127.07682,흡연구역,서울,서울특별시 광진구_흡연구역,https://nonsmoking.gwangjin.go.kr//FILES/%ED%9D%A1%EC%97%B0%EA%B5%AC%EC%97%AD.zip,verified,기관 자체 공식 제공 URL
건국대학교 법학관 앞,서울특별시 광진구 능동로 120,37.54185048,127.0749608,흡연구역,서울,서울특별시 광진구_흡연구역,https://nonsmoking.gwangjin.go.kr//FILES/%ED%9D%A1%EC%97%B0%EA%B5%AC%EC%97%AD.zip,verified,기관 자체 공식 제공 URL
건국대학교 공학관,서울특별시 광진구 능동로 120,37.54162561,127.0793227,흡연구역,서울,서울특별시 광진구_흡연구역,https://nonsmoking.gwangjin.go.kr//FILES/%ED%9D%A1%EC%97%B0%EA%B5%AC%EC%97%AD.zip,verified,기관 자체 공식 제공 URL
세종대학교 충무관 앞,서울특별시 광진구 능동로 209,37.55228045,127.0737184,흡연구역,서울,서울특별시 광진구_흡연구역,https://nonsmoking.gwangjin.go.kr//FILES/%ED%9D%A1%EC%97%B0%EA%B5%AC%EC%97%AD.zip,verified,기관 자체 공식 제공 URL
세종대학교 집현관 좌측,서울특별시 광진구 능동로 209,37.54896998,127.0739552,흡연구역,서울,서울특별시 광진구_흡연구역,https://nonsmoking.gwangjin.go.kr//FILES/%ED%9D%A1%EC%97%B0%EA%B5%AC%EC%97%AD.zip,verified,기관 자체 공식 제공 URL
세종대학교 도서관 우측,서울특별시 광진구 능동로 209,37.55043462,127.0736971,흡연구역,서울,서울특별시 광진구_흡연구역,https://nonsmoking.gwangjin.go.kr//FILES/%ED%9D%A1%EC%97%B0%EA%B5%AC%EC%97%AD.zip,verified,기관 자체 공식 제공 URL
세종대학교 광개토관 우측,서울특별시 광진구 능동로 209,37.55050736,127.0735124,흡연구역,서울,서울특별시 광진구_흡연구역,https://nonsmoking.gwangjin.go.kr//FILES/%ED%9D%A1%EC%97%B0%EA%B5%AC%EC%97%AD.zip,verified,기관 자체 공식 제공 URL
세종대학교 학생회관,서울특별시 광진구 능동로 209,37.54969251,127.0752487,흡연구역,서울,서울특별시 광진구_흡연구역,https://nonsmoking.gwangjin.go.kr//FILES/%ED%9D%A1%EC%97%B0%EA%B5%AC%EC%97%AD.zip,verified,기관 자체 공식 제공 URL
세종대학교 애지헌 앞,서울특별시 광진구 능동로 209,37.55057227,127.0743796,흡연구역,서울,서울특별시 광진구_흡연구역,https://nonsmoking.gwangjin.go.kr//FILES/%ED%9D%A1%EC%97%B0%EA%B5%AC%EC%97%AD.zip,verified,기관 자체 공식 제공 URL
세종대학교 군자관 앞,서울특별시 광진구 능동로 209,37.54961155,127.0734844,흡연구역,서울,서울특별시 광진구_흡연구역,https://nonsmoking.gwangjin.go.kr//FILES/%ED%9D%A1%EC%97%B0%EA%B5%AC%EC%97%AD.zip,verified,기관 자체 공식 제공 URL
더클래식500 시설 중앙,서울특별시 광진구 능동로 92,37.53884905,127.0711701,흡연구역,서울,서울특별시 광진구_흡연구역,https://nonsmoking.gwangjin.go.kr//FILES/%ED%9D%A1%EC%97%B0%EA%B5%AC%EC%97%AD.zip,verified,기관 자체 공식 제공 URL
커먼그라운드 3층 좌측-1,서울특별시 광진구 아차산로 200,37.54086814,127.0660134,흡연구역,서울,서울특별시 광진구_흡연구역,https://nonsmoking.gwangjin.go.kr//FILES/%ED%9D%A1%EC%97%B0%EA%B5%AC%EC%97%AD.zip,verified,기관 자체 공식 제공 URL
정립회관수영장 북측 모통이,서울특별시 광진구 워커힐로 93,37.55049619,127.0978684,흡연구역,서울,서울특별시 광진구_흡연구역,https://nonsmoking.gwangjin.go.kr//FILES/%ED%9D%A1%EC%97%B0%EA%B5%AC%EC%97%AD.zip,verified,기관 자체 공식 제공 URL
웰츠타워 건물 좌측,서울특별시 광진구 자양로 116,37.53839736,127.0839882,흡연구역,서울,서울특별시 광진구_흡연구역,https://nonsmoking.gwangjin.go.kr//FILES/%ED%9D%A1%EC%97%B0%EA%B5%AC%EC%97%AD.zip,verified,기관 자체 공식 제공 URL
신도브래뉴오피스텔 후면,서울특별시 광진구 자양로 138,37.53996409,127.0836487,흡연구역,서울,서울특별시 광진구_흡연구역,https://nonsmoking.gwangjin.go.kr//FILES/%ED%9D%A1%EC%97%B0%EA%B5%AC%EC%97%AD.zip,verified,기관 자체 공식 제공 URL
한국보건의료인국가시험원 ,서울특별시 광진구 자양로 45,37.53185001,127.0854161,흡연구역,서울,서울특별시 광진구_흡연구역,https://nonsmoking.gwangjin.go.kr//FILES/%ED%9D%A1%EC%97%B0%EA%B5%AC%EC%97%AD.zip,verified,기관 자체 공식 제공 URL
건국대학교 행정관 뒤,서울특별시 광진구 능동로 120,37.54322219,127.0748831,흡연구역,서울,서울특별시 광진구_흡연구역,https://nonsmoking.gwangjin.go.kr//FILES/%ED%9D%A1%EC%97%B0%EA%B5%AC%EC%97%AD.zip,verified,기관 자체 공식 제공 URL
건국대학교 학생회관 좌측,서울특별시 광진구 능동로 120,37.54131585,127.0773047,흡연구역,서울,서울특별시 광진구_흡연구역,https://nonsmoking.gwangjin.go.kr//FILES/%ED%9D%A1%EC%97%B0%EA%B5%AC%EC%97%AD.zip,verified,기관 자체 공식 제공 URL
건국대학교 인문관뒤,서울특별시 광진구 능동로 120,37.54251611,127.0787964,흡연구역,서울,서울특별시 광진구_흡연구역,https://nonsmoking.gwangjin.go.kr//FILES/%ED%9D%A1%EC%97%B0%EA%B5%AC%EC%97%AD.zip,verified,기관 자체 공식 제공 URL
건국대학교 신공학관,서울특별시 광진구 능동로 120,37.54084765,127.0793382,흡연구역,서울,서울특별시 광진구_흡연구역,https://nonsmoking.gwangjin.go.kr//FILES/%ED%9D%A1%EC%97%B0%EA%B5%AC%EC%97%AD.zip,verified,기관 자체 공식 제공 URL
건국대학교 수의과학관 뒤,서울특별시 광진구 능동로 120,37.54033739,127.0743631,흡연구역,서울,서울특별시 광진구_흡연구역,https://nonsmoking.gwangjin.go.kr//FILES/%ED%9D%A1%EC%97%B0%EA%B5%AC%EC%97%AD.zip,verified,기관 자체 공식 제공 URL
건국대학교 생명과학관 우측,서울특별시 광진구 능동로 120,37.54100337,127.0740013,흡연구역,서울,서울특별시 광진구_흡연구역,https://nonsmoking.gwangjin.go.kr//FILES/%ED%9D%A1%EC%97%B0%EA%B5%AC%EC%97%AD.zip,verified,기관 자체 공식 제공 URL
건국대학교 상허연구관,서울특별시 광진구 능동로 120,37.54416818,127.0753642,흡연구역,서울,서울특별시 광진구_흡연구역,https://nonsmoking.gwangjin.go.kr//FILES/%ED%9D%A1%EC%97%B0%EA%B5%AC%EC%97%AD.zip,verified,기관 자체 공식 제공 URL
건국대학교 상허도서관 입구,서울특별시 광진구 능동로 120,37.54203127,127.073782,흡연구역,서울,서울특별시 광진구_흡연구역,https://nonsmoking.gwangjin.go.kr//FILES/%ED%9D%A1%EC%97%B0%EA%B5%AC%EC%97%AD.zip,verified,기관 자체 공식 제공 URL
건국대학교 경영관뒤,서울특별시 광진구 능동로 120,37.54449602,127.0760509,흡연구역,서울,서울특별시 광진구_흡연구역,https://nonsmoking.gwangjin.go.kr//FILES/%ED%9D%A1%EC%97%B0%EA%B5%AC%EC%97%AD.zip,verified,기관 자체 공식 제공 URL
상암동 1707,서울특별시 마포구 상암산로 66~82,37.579515,126.893237,실외/부분개방형,서울,서울특별시 마포구_공공흡연부스 설치현황,https://mapo.go.kr/site/main/openData/view?dataId=220,verified,기관 자체 공식 제공 URL
